symbol,company_name,issuer,underlying,underlying_name,underlying_exchange,yahoo_symbol,dr_last,underlying_price,underlying_ext_price,underlying_ext_session,underlying_ext_time,underlying_currency,fx_to_thb,fx_source_symbol,conversion_ratio,dr_per_underlying,fair_dr,diff_pct,implied_underlying,dr_percent_change,trading_session,status,mapping_source,price_source,source_url
YOFC23,Depositary Receipt on YOFC Issued by INVX,INVX,YOFC,YANGTZE OPTICAL FIBRE AND CABLE JOINT STOCK LIMITED COMPANY (6869),The Stock Exchange of Hong Kong Limited,6869.HK,8.15,163.1,,,,HKD,4.2752,HKDTHB=X,100 : 1,100.0,6.9728512,16.88188613576036,190.63435628742516,0.0,Day Session Only,premium,exchange_rule_hk,SET official DR market data,https://www.set.or.th/en/market/product/dr/quote/YOFC23/factsheet
MWG11,Depositary Receipt on MWG Issued by KS,KS,MWG,MOBILE WORLD INVESTMENT CORPORATION (MWG),Hochiminh Stock Exchange,MWG.VN,4.14,73300.0,,,,VND,0.0012922227146461723,Google Finance THB-VND inverted,25 : 1,25.0,3.788796999342577,9.269512215047747,80094.55245362999,0.0,Day Session Only,premium,exchange_rule_vietnam,SET official DR market data,https://www.set.or.th/en/market/product/dr/quote/MWG11/factsheet
MWG19,Depositary Receipt on MWG Issued by YUANTA,YUANTA,MWG,MOBILE WORLD INVESTMENT CORPORATION (MWG),Hochiminh Stock Exchange,MWG.VN,10.3,73300.0,,,,VND,0.0012922227146461723,Google Finance THB-VND inverted,10 : 1,10.0,9.471992498356443,8.741640175361542,79707.62224854,0.0,Day Session Only,premium,exchange_rule_vietnam,SET official DR market data,https://www.set.or.th/en/market/product/dr/quote/MWG19/factsheet
VGT80,Depositary Receipt on VGT Issued by KTB,KTB,VGT,"VICTORY GIANT TECHNOLOGY (HUIZHOU) CO., LTD. (2476)",The Stock Exchange of Hong Kong Limited,2476.HK,9.25,200.8,,,,HKD,4.2752,HKDTHB=X,100 : 1,100.0,8.5846016,7.751069076985484,216.36414670658684,0.0,Day Session Only,premium,exchange_rule_hk,SET official DR market data,https://www.set.or.th/en/market/product/dr/quote/VGT80/factsheet
LPGOLD13,Depositary Receipt on LAOPU Issued by KGI,KGI,LAOPU,"LAOPU GOLD CO., LTD. (6181)",The Stock Exchange of Hong Kong Limited,6181.HK,1.49,325.2,,,,HKD,4.2752,HKDTHB=X,"1,000 : 1",1000.0,1.39029504,7.171496490413998,348.5217065868264,0.0,Day Session Only,premium,exchange_rule_hk,SET official DR market data,https://www.set.or.th/en/market/product/dr/quote/LPGOLD13/factsheet
ZAI23,Depositary Receipt on ZAI Issued by INVX,INVX,ZAI,"Z.AI CO., LTD. (2513)",The Stock Exchange of Hong Kong Limited,2513.HK,6.9,602.5,,,,HKD,4.2752,HKDTHB=X,400 : 1,400.0,6.43952,7.150843541133511,645.5838323353294,0.0,Day Session Only,premium,exchange_rule_hk,SET official DR market data,https://www.set.or.th/en/market/product/dr/quote/ZAI23/factsheet
IBIDEN80,Depositary Receipt on IBIDEN Issued by KTB,KTB,IBIDEN,"IBIDEN CO., LTD. (4062)",Tokyo Stock Exchange,4062.T,3.84,22270.0,,,,JPY,0.2101,JPYTHB=X,"1,300 : 1",1300.0,3.599174615384616,6.691128115484579,23760.114231318417,0.0,Day Session Only,premium,exchange_rule_tokyo,SET official DR market data,https://www.set.or.th/en/market/product/dr/quote/IBIDEN80/factsheet
SMIC13,Depositary Receipt on SMIC Issued by KGI,KGI,SMIC,SEMICONDUCTOR MANUFACTURING INTERNATIONAL CORPORATION (981),The Stock Exchange of Hong Kong Limited,0981.HK,1.86,61.2,,,,HKD,4.2752,HKDTHB=X,150 : 1,150.0,1.7442816,6.634158154279679,65.26010479041916,0.0,Day Session Only,premium,manual_underlying,SET official DR market data,https://www.set.or.th/en/market/product/dr/quote/SMIC13/factsheet
LUXSHARE80,Depositary Receipt on LUXSHARE Issued by KTB,KTB,LUXSHARE,"LUXSHARE PRECISION INDUSTRY CO., LTD. (2475)",The Stock Exchange of Hong Kong Limited,2475.HK,2.68,53.1,,,,HKD,4.2752,HKDTHB=X,90 : 1,90.0,2.5223679999999997,6.24936567542882,56.4184131736527,0.0,Day Session Only,premium,exchange_rule_hk,SET official DR market data,https://www.set.or.th/en/market/product/dr/quote/LUXSHARE80/factsheet
ZJINNO80,Depositary Receipt on ZJINNO Issued by KTB,KTB,ZJINNO,"ZHONGJI INNOLIGHT CO., LTD. (300308)",Shenzhen Stock Exchange,300308.SZ,4.44,837.86,,,,CNY,4.9945,CNYTHB=X,"1,000 : 1",1000.0,4.184691770000001,6.101004423558765,888.9778756632295,0.0,Day Session Only,premium,manual_underlying,SET official DR market data,https://www.set.or.th/en/market/product/dr/quote/ZJINNO80/factsheet
HUAHONG23,Depositary Receipt on HUAHONG Issued by INVX,INVX,HUAHONG,HUA HONG GRACE SEMICONDUCTOR LTD (1347),The Stock Exchange of Hong Kong Limited,1347.HK,6.8,105.1,,,,HKD,4.2752,HKDTHB=X,70 : 1,70.0,6.418907428571428,5.937031740515164,111.33982035928145,0.0,Day Session Only,premium,manual_underlying,SET official DR market data,https://www.set.or.th/en/market/product/dr/quote/HUAHONG23/factsheet
IBIDEN23,Depositary Receipt on IBIDEN Issued by INVX,INVX,IBIDEN,"IBIDEN CO., LTD. (4062)",Tokyo Stock Exchange,4062.T,4.94,22270.0,,,,JPY,0.2101,JPYTHB=X,"1,000 : 1",1000.0,4.678927000000001,5.579762197614957,23512.61304140885,0.0,Day Session Only,premium,exchange_rule_tokyo,SET official DR market data,https://www.set.or.th/en/market/product/dr/quote/IBIDEN23/factsheet
XIAOMI13,Depositary Receipt on XIAOMI Issued by KGI,KGI,XIAOMI,XIAOMI CORPORATION (1810),The Stock Exchange of Hong Kong Limited,1810.HK,2.32,25.74,,,,HKD,4.2752,HKDTHB=X,50 : 1,50.0,2.20087296,5.412717688166779,27.133233532934128,0.0,Day Session Only,premium,manual_underlying,SET official DR market data,https://www.set.or.th/en/market/product/dr/quote/XIAOMI13/factsheet
JLMAG80,Depositary Receipt on JLMAG Issued by KTB,KTB,JLMAG,"JL MAG RARE-EARTH CO., LTD. (6680)",The Stock Exchange of Hong Kong Limited,6680.HK,6.7,14.92,,,,HKD,4.2752,HKDTHB=X,10 : 1,10.0,6.3785984,5.038749578590829,15.671781437125748,0.0,Day Session Only,premium,exchange_rule_hk,SET official DR market data,https://www.set.or.th/en/market/product/dr/quote/JLMAG80/factsheet
TAIWANHD13,Depositary Receipt on KGI TAIWAN HD 30 ETF Issued by KGI,KGI,KGI TAIWAN HD 30 ETF,KGI TAIWAN PREMIUM SELECTION HIGH DIVIDEND 30 ETF (00915),Taiwan Stock Exchange,00915.TW,36.5,33.0,,,,TWD,1.0531,TWDTHB=X,1 : 1,1.0,34.7523,5.029019662007994,34.65957648846263,0.0,Day Session Only,premium,exchange_rule_taiwan,SET official DR market data,https://www.set.or.th/en/market/product/dr/quote/TAIWANHD13/factsheet
MONTAGE80,Depositary Receipt on MONTAGE Issued by KTB,KTB,MONTAGE,"MONTAGE TECHNOLOGY CO., LTD. (6809)",The Stock Exchange of Hong Kong Limited,6809.HK,12.8,285.4,,,,HKD,4.2752,HKDTHB=X,100 : 1,100.0,12.2014208,4.905815558791327,299.4011976047904,0.0,Day Session Only,premium,exchange_rule_hk,SET official DR market data,https://www.set.or.th/en/market/product/dr/quote/MONTAGE80/factsheet
CN23,Depositary Receipt on CN CSI300 ETF Issued by INVX,INVX,CN CSI300 ETF,CHINAAMC CSI 300 ETF (510330),Shanghai Stock Exchange,510330.SS,6.05,4.62,,,,CNY,4.9945,CNYTHB=X,4 : 1,4.0,5.7686475,4.877269758639269,4.845329862849134,0.0,Day Session Only,premium,exchange_rule_shanghai,SET official DR market data,https://www.set.or.th/en/market/product/dr/quote/CN23/factsheet
HUAHONG80,Depositary Receipt on HUAHONG Issued by KTB,KTB,HUAHONG,HUA HONG GRACE SEMICONDUCTOR LTD (1347),The Stock Exchange of Hong Kong Limited,1347.HK,3.14,105.1,,,,HKD,4.2752,HKDTHB=X,150 : 1,150.0,2.995490133333333,4.824247793661018,110.17028443113773,0.0,Day Session Only,premium,manual_underlying,SET official DR market data,https://www.set.or.th/en/market/product/dr/quote/HUAHONG80/factsheet
CNRE80,Depositary Receipt on CNRE Issued by KTB,KTB,CNRE,"CHINA NORTHERN RARE EARTH (GROUP) HIGH-TECH CO., LTD. (600111)",Shanghai Stock Exchange,600111.SS,1.87,35.72,,,,CNY,4.9945,CNYTHB=X,100 : 1,100.0,1.7840354000000003,4.818547883074498,37.44118530383422,0.0,Day Session Only,premium,exchange_rule_shanghai,SET official DR market data,https://www.set.or.th/en/market/product/dr/quote/CNRE80/factsheet
BIREN23,Depositary Receipt on BIREN Issued by INVX,INVX,BIREN,"SHANGHAI BIREN TECHNOLOGY CO., LTD. (6082)",The Stock Exchange of Hong Kong Limited,6082.HK,6.45,36.0,,,,HKD,4.2752,HKDTHB=X,25 : 1,25.0,6.156288,4.770926896207595,37.71753368263473,0.0,Day Session Only,premium,exchange_rule_hk,SET official DR market data,https://www.set.or.th/en/market/product/dr/quote/BIREN23/factsheet
NAURA23,Depositary Receipt on NAURA Issued by INVX,INVX,NAURA,"NAURA TECHNOLOGY GROUP CO., LTD. (002371)",Shenzhen Stock Exchange,002371.SZ,3.7,637.9,,,,CNY,4.9945,CNYTHB=X,900 : 1,900.0,3.5399906111111115,4.520051222358079,666.7334067474221,0.0,Day Session Only,premium,manual_underlying,SET official DR market data,https://www.set.or.th/en/market/product/dr/quote/NAURA23/factsheet
CHNXT5023,Depositary Receipt on CHNXT50 ETF Issued by INVX,INVX,CHNXT50 ETF,INVESCO GREAT WALL SZSE CHINEXT 50 ETF (159682),Shenzhen Stock Exchange,159682.SZ,7.5,1.44,,,,CNY,4.9945,CNYTHB=X,1 : 1,1.0,7.192080000000001,4.281376180465157,1.5016518169986985,0.0,Day Session Only,premium,exchange_rule_shenzhen,SET official DR market data,https://www.set.or.th/en/market/product/dr/quote/CHNXT5023/factsheet
HYGON80,Depositary Receipt on HYGON Issued by KTB,KTB,HYGON,"HYGON INFORMATION TECHNOLOGY CO., LTD. (688041)",Shanghai Stock Exchange,688041.SS,12.5,240.51,,,,CNY,4.9945,CNYTHB=X,100 : 1,100.0,12.012271949999999,4.060248153139767,250.2753028331164,0.0,Day Session Only,premium,exchange_rule_shanghai,SET official DR market data,https://www.set.or.th/en/market/product/dr/quote/HYGON80/factsheet
ZIJIN13,Depositary Receipt on ZIJIN Issued by KGI,KGI,ZIJIN,ZIJIN MINING GROUP COMPANY LIMITED (H SHARES) (2899),The Stock Exchange of Hong Kong Limited,2899.HK,2.36,31.84,,,,HKD,4.2752,HKDTHB=X,60 : 1,60.0,2.268706133333333,4.024049890169423,33.121257485029936,0.0,Day Session Only,premium,manual_underlying,SET official DR market data,https://www.set.or.th/en/market/product/dr/quote/ZIJIN13/factsheet
GIGA23,Depositary Receipt on GIGA Issued by INVX,INVX,GIGA,GIGADEVICE SEMICONDUCTOR INC. (3986),The Stock Exchange of Hong Kong Limited,3986.HK,6.8,460.0,,,,HKD,4.2752,HKDTHB=X,300 : 1,300.0,6.555306666666667,3.732751887529284,477.1706586826347,0.0,Day Session Only,premium,exchange_rule_hk,SET official DR market data,https://www.set.or.th/en/market/product/dr/quote/GIGA23/factsheet
SANRIO80,Depositary Receipt on SANRIO Issued by KTB,KTB,SANRIO,"SANRIO CO., LTD (8136)",Tokyo Stock Exchange,8136.T,13.0,1193.0,,,,JPY,0.2101,JPYTHB=X,20 : 1,20.0,12.532465,3.730590909290399,1237.5059495478342,0.0,Day Session Only,premium,exchange_rule_tokyo,SET official DR market data,https://www.set.or.th/en/market/product/dr/quote/SANRIO80/factsheet
SANRIO23,Depositary Receipt on SANRIO Issued by INVX,INVX,SANRIO,"SANRIO CO., LTD (8136)",Tokyo Stock Exchange,8136.T,1.91,1193.0,,,,JPY,0.2101,JPYTHB=X,136 : 1,136.0,1.8430095588235296,3.6348395946048884,1236.3636363636363,0.0,Day Session Only,premium,exchange_rule_tokyo,SET official DR market data,https://www.set.or.th/en/market/product/dr/quote/SANRIO23/factsheet
GANFENG23,Depositary Receipt on GANFENG Issued by INVX,INVX,GANFENG,"GANFENG LITHIUM GROUP CO LTD, (1772)",The Stock Exchange of Hong Kong Limited,1772.HK,1.32,29.8,,,,HKD,4.2752,HKDTHB=X,100 : 1,100.0,1.2740096,3.6098943053490373,30.875748502994014,0.0,Day Session Only,premium,manual_underlying,SET official DR market data,https://www.set.or.th/en/market/product/dr/quote/GANFENG23/factsheet
TAIWANAI13,Depositary Receipt on KGI TAIWAN AI 50 ETF Issued by KGI,KGI,KGI TAIWAN AI 50 ETF,KGI TAIWAN PREMIUM SELECTION AI 50 ETF (00952),Taiwan Stock Exchange,00952.TW,19.9,18.25,,,,TWD,1.0531,TWDTHB=X,1 : 1,1.0,19.219075,3.5429644766982626,18.896591016997437,0.0,Day Session Only,premium,exchange_rule_taiwan,SET official DR market data,https://www.set.or.th/en/market/product/dr/quote/TAIWANAI13/factsheet
NETEASE11,Depositary Receipt on NTES Issued by KS,KS,NTES,"NETEASE, INC. (9999)",The Stock Exchange of Hong Kong Limited,9999.HK,3.86,187.1,,,,HKD,4.2752,HKDTHB=X,200 : 1,200.0,3.9994495999999997,-3.4867197726407118,180.57634730538922,0.0,Day Session Only,discount,exchange_rule_hk,SET official DR market data,https://www.set.or.th/en/market/product/dr/quote/NETEASE11/factsheet
NINTENDO23,Depositary Receipt on NINTENDO Issued by INVX,INVX,NINTENDO,"NINTENDO CO.,LTD. (7974)",Tokyo Stock Exchange,7974.T,1.55,8058.0,,,,JPY,0.2101,JPYTHB=X,"1,130 : 1",1130.0,1.498217522123894,3.4562723443988697,8336.506425511661,0.0,Day Session Only,premium,manual_underlying,SET official DR market data,https://www.set.or.th/en/market/product/dr/quote/NINTENDO23/factsheet
KIOXIA23,Depositary Receipt on KIOXIA Issued by INVX,INVX,KIOXIA,KIOXIA HOLDINGS CORP.  (285A),Tokyo Stock Exchange,285A.T,7.4,54500.0,,,,JPY,0.2101,JPYTHB=X,"1,600 : 1",1600.0,7.1565312500000005,3.402049701103449,56354.117087101375,0.0,Day Session Only,premium,exchange_rule_tokyo,SET official DR market data,https://www.set.or.th/en/market/product/dr/quote/KIOXIA23/factsheet
LENOVO13,Depositary Receipt on LENOVO Issued by KGI,KGI,LENOVO,LENOVO GROUP LIMITED (992),The Stock Exchange of Hong Kong Limited,0992.HK,8.0,36.2,,,,HKD,4.2752,HKDTHB=X,20 : 1,20.0,7.738112000000001,3.384391438118217,37.4251497005988,0.0,Day Session Only,premium,exchange_rule_hk,SET official DR market data,https://www.set.or.th/en/market/product/dr/quote/LENOVO13/factsheet
SMIC23,Depositary Receipt on SMIC Issued by INVX,INVX,SMIC,SEMICONDUCTOR MANUFACTURING INTERNATIONAL CORPORATION (981),The Stock Exchange of Hong Kong Limited,0981.HK,3.18,61.2,,,,HKD,4.2752,HKDTHB=X,85 : 1,85.0,3.078144,3.3090069860279403,63.225112275449106,0.0,Day Session Only,premium,manual_underlying,SET official DR market data,https://www.set.or.th/en/market/product/dr/quote/SMIC23/factsheet
SMIC01,Depositary Receipt on SMIC Issued by BLS,BLS,SMIC,SEMICONDUCTOR MANUFACTURING INTERNATIONAL CORPORATION (981),The Stock Exchange of Hong Kong Limited,0981.HK,3.86,61.2,,,,HKD,4.2752,HKDTHB=X,70 : 1,70.0,3.737746285714286,3.2707868576572263,63.20172155688623,0.0,Day Session Only,premium,manual_underlying,SET official DR market data,https://www.set.or.th/en/market/product/dr/quote/SMIC01/factsheet
KIOXIA80,Depositary Receipt on KIOXIA Issued by KTB,KTB,KIOXIA,KIOXIA HOLDINGS CORP.  (285A),Tokyo Stock Exchange,285A.T,3.94,54500.0,,,,JPY,0.2101,JPYTHB=X,"3,000 : 1",3000.0,3.816816666666667,3.2273840766083417,56258.92432175155,0.0,Day Session Only,premium,exchange_rule_tokyo,SET official DR market data,https://www.set.or.th/en/market/product/dr/quote/KIOXIA80/factsheet
TONGFU23,Depositary Receipt on TONGFU Issued by INVX,INVX,TONGFU,"TONGFU MICROELECTRONICS CO., LTD. (002156)",Shenzhen Stock Exchange,002156.SZ,2.02,58.77,,,,CNY,4.9945,CNYTHB=X,150 : 1,150.0,1.9568451,3.2273837106473025,60.66673340674742,0.0,Day Session Only,premium,exchange_rule_shenzhen,SET official DR market data,https://www.set.or.th/en/market/product/dr/quote/TONGFU23/factsheet
GIGA80,Depositary Receipt on GIGA Issued by KTB,KTB,GIGA,GIGADEVICE SEMICONDUCTOR INC. (3986),The Stock Exchange of Hong Kong Limited,3986.HK,20.3,460.0,,,,HKD,4.2752,HKDTHB=X,100 : 1,100.0,19.66592,3.224258005727676,474.8315868263473,0.0,Day Session Only,premium,exchange_rule_hk,SET official DR market data,https://www.set.or.th/en/market/product/dr/quote/GIGA80/factsheet
SMIC03,Depositary Receipt on SMIC Issued by PI,PI,SMIC,SEMICONDUCTOR MANUFACTURING INTERNATIONAL CORPORATION (981),The Stock Exchange of Hong Kong Limited,0981.HK,2.7,61.2,,,,HKD,4.2752,HKDTHB=X,100 : 1,100.0,2.6164224000000003,3.1943466009158206,63.15494011976048,0.0,Day Session Only,premium,manual_underlying,SET official DR market data,https://www.set.or.th/en/market/product/dr/quote/SMIC03/factsheet
CNSTAR5023,Depositary Receipt on CNSTAR50 ETF Issued by INVX,INVX,CNSTAR50 ETF,CHINAAMC STAR 50 ETF (588000),Shanghai Stock Exchange,588000.SS,8.55,1.659,,,,CNY,4.9945,CNYTHB=X,1 : 1,1.0,8.285875500000001,3.1876474610317285,1.7118830713785165,0.0,Day Session Only,premium,exchange_rule_shanghai,SET official DR market data,https://www.set.or.th/en/market/product/dr/quote/CNSTAR5023/factsheet
AMEC80,Depositary Receipt on AMEC Issued by KTB,KTB,AMEC,ADVANCED MICRO-FABRICATION EQUIPMENT INC. CHINA (688012),Shanghai Stock Exchange,688012.SS,3.42,332.0,,,,CNY,4.9945,CNYTHB=X,500 : 1,500.0,3.3163480000000005,3.1254862276214546,342.3766142757033,0.0,Day Session Only,premium,exchange_rule_shanghai,SET official DR market data,https://www.set.or.th/en/market/product/dr/quote/AMEC80/factsheet
NETEASE80,Depositary Receipt on NTES Issued by KTB,KTB,NTES,"NETEASE, INC. (9999)",The Stock Exchange of Hong Kong Limited,9999.HK,7.75,187.1,,,,HKD,4.2752,HKDTHB=X,100 : 1,100.0,7.998899199999999,-3.1116681655395717,181.27806886227546,0.0,Day Session Only,discount,exchange_rule_hk,SET official DR market data,https://www.set.or.th/en/market/product/dr/quote/NETEASE80/factsheet
CAMBRI80,Depositary Receipt on CAMBRI Issued by KTB,KTB,CAMBRI,CAMBRICON TECHNOLOGIES CORPORATION LIMITED (688256),Shanghai Stock Exchange,688256.SS,5.35,1038.88,,,,CNY,4.9945,CNYTHB=X,"1,000 : 1",1000.0,5.188686160000001,3.108953500475309,1071.1782961257381,0.0,Day Session Only,premium,manual_underlying,SET official DR market data,https://www.set.or.th/en/market/product/dr/quote/CAMBRI80/factsheet
FABRINET80,Depositary Receipt on FABRINET Issued by KTB,KTB,FABRINET,FABRINET (FN),The New York Stock Exchange,FN,2.26,417.39,417.88,Postmarket,1790378884,USD,33.52,USDTHB=X,"6,000 : 1",6000.0,2.3318188,-3.0799477214953574,404.5346062052505,0.0,Day & Night Session,discount,same_as_set_underlying,SET official DR market data,https://www.set.or.th/en/market/product/dr/quote/FABRINET80/factsheet
SUNNY19,Depositary Receipt on SUNNY Issued by YUANTA,YUANTA,SUNNY,SUNNY OPTICAL TECHNOLOGY (GROUP) COMPANY LIMITED (2382),The Stock Exchange of Hong Kong Limited,2382.HK,2.76,62.65,,,,HKD,4.2752,HKDTHB=X,100 : 1,100.0,2.6784128,3.0461025275864806,64.55838323353294,0.0,Day Session Only,premium,exchange_rule_hk,SET official DR market data,https://www.set.or.th/en/market/product/dr/quote/SUNNY19/factsheet
IFLYTEK80,Depositary Receipt on IFLYTEK Issued by KTB,KTB,IFLYTEK,"IFLYTEK CO., LTD. (002230)",Shenzhen Stock Exchange,002230.SZ,1.93,37.51,,,,CNY,4.9945,CNYTHB=X,100 : 1,100.0,1.8734369499999999,3.0192128963827614,38.642506757433175,0.0,Day Session Only,premium,exchange_rule_shenzhen,SET official DR market data,https://www.set.or.th/en/market/product/dr/quote/IFLYTEK80/factsheet
CNROBOAI23,Depositary Receipt on CNROBOAI  ETF Issued by INVX,INVX,CNROBOAI  ETF,GLOBAL X CHINA ROBOTICS AND AI ETF (2807),The Stock Exchange of Hong Kong Limited,2807.HK,2.24,50.88,,,,HKD,4.2752,HKDTHB=X,100 : 1,100.0,2.17522176,2.978006251647658,52.39520958083833,0.0,Day Session Only,premium,exchange_rule_hk,SET official DR market data,https://www.set.or.th/en/market/product/dr/quote/CNROBOAI23/factsheet
SUNGROW80,Depositary Receipt on SUNGROW Issued by KTB,KTB,SUNGROW,"SUNGROW POWER SUPPLY CO., LTD. (300274)",Shenzhen Stock Exchange,300274.SZ,2.64,82.16,,,,CNY,4.9945,CNYTHB=X,160 : 1,160.0,2.56467575,2.9369892080899573,84.5730303333667,0.0,Day Session Only,premium,exchange_rule_shenzhen,SET official DR market data,https://www.set.or.th/en/market/product/dr/quote/SUNGROW80/factsheet
CNSEMI23,Depositary Receipt on CNSEMI ETF Issued by INVX,INVX,CNSEMI ETF,GLOBAL X CHINA SEMICONDUCTOR ETF (3191),The Stock Exchange of Hong Kong Limited,3191.HK,3.56,80.98,,,,HKD,4.2752,HKDTHB=X,100 : 1,100.0,3.46205696,2.82904184222319,83.27095808383234,0.0,Day Session Only,premium,exchange_rule_hk,SET official DR market data,https://www.set.or.th/en/market/product/dr/quote/CNSEMI23/factsheet
GANFENG80,Depositary Receipt on GANFENG Issued by KTB,KTB,GANFENG,"GANFENG LITHIUM GROUP CO LTD, (1772)",The Stock Exchange of Hong Kong Limited,1772.HK,1.31,29.8,,,,HKD,4.2752,HKDTHB=X,100 : 1,100.0,1.2740096,2.8249708636418402,30.64184131736527,0.0,Day Session Only,premium,manual_underlying,SET official DR market data,https://www.set.or.th/en/market/product/dr/quote/GANFENG80/factsheet
CHNEXT80,Depositary Receipt on E FUND CHINEXT ETF Issued by KTB,KTB,E FUND CHINEXT ETF,E FUND CHINEXT ETF (159915),Shenzhen Stock Exchange,159915.SZ,1.64,3.196,,,,CNY,4.9945,CNYTHB=X,10 : 1,10.0,1.5962422000000003,2.741300787562162,3.283611973170487,0.0,Day Session Only,premium,exchange_rule_shenzhen,SET official DR market data,https://www.set.or.th/en/market/product/dr/quote/CHNEXT80/factsheet
UBTECH23,Depositary Receipt on UBTECH Issued by INVX,INVX,UBTECH,UBTECH ROBOTICS CORP LTD  (9880),The Stock Exchange of Hong Kong Limited,9880.HK,1.31,74.6,,,,HKD,4.2752,HKDTHB=X,250 : 1,250.0,1.27571968,2.6871357820551944,76.60460329341318,0.0,Day Session Only,premium,built_in_alias,SET official DR market data,https://www.set.or.th/en/market/product/dr/quote/UBTECH23/factsheet
CHAI80,Depositary Receipt on E FUND CSI AI ETF Issued by KTB,KTB,E FUND CSI AI ETF,E FUND CSI ARTIFICIAL INTELLIGENCE ETF (159819),Shenzhen Stock Exchange,159819.SZ,1.74,1.697,,,,CNY,4.9945,CNYTHB=X,5 : 1,5.0,1.6951333000000002,2.646794797789642,1.7419161077184901,0.0,Day Session Only,premium,exchange_rule_shenzhen,SET official DR market data,https://www.set.or.th/en/market/product/dr/quote/CHAI80/factsheet
HK13,Depositary Receipt on TRAHK ETF Issued by KGI,KGI,TRAHK ETF,TRACKER FUND OF HONG KONG (2800),The Stock Exchange of Hong Kong Limited,2800.HK,5.55,25.3,,,,HKD,4.2752,HKDTHB=X,20 : 1,20.0,5.408128,2.623310690871228,25.96369760479042,0.0,Day Session Only,premium,exchange_rule_hk,SET official DR market data,https://www.set.or.th/en/market/product/dr/quote/HK13/factsheet
CHSTAR5080,Depositary Receipt on E FUND STAR50 ETF Issued by KTB,KTB,E FUND STAR50 ETF,E FUND SSE SCIENCE AND TECHNOLOGY INNOVATION BOARD 50 ETF (588080),Shanghai Stock Exchange,588080.SS,1.65,1.61,,,,CNY,4.9945,CNYTHB=X,5 : 1,5.0,1.6082290000000004,2.5973291117122876,1.6518169986985682,0.0,Day Session Only,premium,exchange_rule_shanghai,SET official DR market data,https://www.set.or.th/en/market/product/dr/quote/CHSTAR5080/factsheet
PETROCN80,Depositary Receipt on PETROCN Issued by KTB,KTB,PETROCN,PETROCHINA COMPANY LIMITED (857),The Stock Exchange of Hong Kong Limited,0857.HK,4.04,9.7,,,,HKD,4.2752,HKDTHB=X,10 : 1,10.0,4.1469439999999995,-2.57886289277115,9.449850299401197,0.0,Day Session Only,discount,manual_underlying,SET official DR market data,https://www.set.or.th/en/market/product/dr/quote/PETROCN80/factsheet
GSEMI24,Depositary Receipt on GSEMI ETF Issued by FSS,FSS,GSEMI ETF,GLOBAL X SEMICONDUCTOR ETF (2243),Tokyo Stock Exchange,2243.T,2.52,4679.0,,,,JPY,0.2101,JPYTHB=X,400 : 1,400.0,2.45764475,2.5371954184997714,4797.715373631604,0.0,Day Session Only,premium,exchange_rule_tokyo,SET official DR market data,https://www.set.or.th/en/market/product/dr/quote/GSEMI24/factsheet
ANTA13,Depositary Receipt on ANTA Issued by KGI,KGI,ANTA,ANTA SPORTS PRODUCTS LTD. (2020),The Stock Exchange of Hong Kong Limited,2020.HK,1.86,72.15,,,,HKD,4.2752,HKDTHB=X,170 : 1,170.0,1.8144451764705885,2.5106751154655216,73.96145209580838,0.0,Day Session Only,premium,exchange_rule_hk,SET official DR market data,https://www.set.or.th/en/market/product/dr/quote/ANTA13/factsheet
BILIBILI01,Depositary Receipt on BILIBI Issued by BLS,BLS,BILIBI,BILIBILI INC. (9626),The Stock Exchange of Hong Kong Limited,9626.HK,2.34,117.8,,,,HKD,4.2752,HKDTHB=X,210 : 1,210.0,2.398183619047619,-2.426153635005035,114.94199101796407,0.0,Day Session Only,discount,exchange_rule_hk,SET official DR market data,https://www.set.or.th/en/market/product/dr/quote/BILIBILI01/factsheet
ASICS23,Depositary Receipt on ASICS Issued by INVX,INVX,ASICS,ASICS CORPORATION (7936),Tokyo Stock Exchange,7936.T,2.64,4174.0,,,,JPY,0.2101,JPYTHB=X,340 : 1,340.0,2.5792864705882352,2.353888569729845,4272.251308900523,0.0,Day Session Only,premium,manual_underlying,SET official DR market data,https://www.set.or.th/en/market/product/dr/quote/ASICS23/factsheet
SENSE23,Depositary Receipt on SENSE Issued by INVX,INVX,SENSE,SENSETIME GROUP INC. (20),The Stock Exchange of Hong Kong Limited,0020.HK,1.34,1.225,,,,HKD,4.2752,HKDTHB=X,4 : 1,4.0,1.30928,2.3463277526579507,1.25374251497006,0.0,Day Session Only,premium,built_in_alias,SET official DR market data,https://www.set.or.th/en/market/product/dr/quote/SENSE23/factsheet
SUNNY80,Depositary Receipt on SUNNY Issued by KTB,KTB,SUNNY,SUNNY OPTICAL TECHNOLOGY (GROUP) COMPANY LIMITED (2382),The Stock Exchange of Hong Kong Limited,2382.HK,2.74,62.65,,,,HKD,4.2752,HKDTHB=X,100 : 1,100.0,2.6784128,2.2993916397054504,64.09056886227545,0.0,Day Session Only,premium,exchange_rule_hk,SET official DR market data,https://www.set.or.th/en/market/product/dr/quote/SUNNY80/factsheet
BABA13,Depositary Receipt on BABA Issued by KGI,KGI,BABA,ALIBABA GROUP HOLDING LIMITED (9988),The Stock Exchange of Hong Kong Limited,9988.HK,1.87,106.9,,,,HKD,4.2752,HKDTHB=X,250 : 1,250.0,1.82807552,2.293366961119858,109.35160928143713,0.0,Day Session Only,premium,manual_underlying,SET official DR market data,https://www.set.or.th/en/market/product/dr/quote/BABA13/factsheet
NONGFU80,Depositary Receipt on NONGFU Issued by KTB,KTB,NONGFU,"NONGFU SPRING CO., LTD. (9633)",The Stock Exchange of Hong Kong Limited,9633.HK,1.64,39.24,,,,HKD,4.2752,HKDTHB=X,100 : 1,100.0,1.67758848,-2.240625782075001,38.36077844311377,0.0,Day Session Only,discount,built_in_alias,SET official DR market data,https://www.set.or.th/en/market/product/dr/quote/NONGFU80/factsheet
WUXIAT80,Depositary Receipt on WUXIAT Issued by KTB,KTB,WUXIAT,"WUXI APPTEC CO., LTD. (2359)",The Stock Exchange of Hong Kong Limited,2359.HK,8.95,204.8,,,,HKD,4.2752,HKDTHB=X,100 : 1,100.0,8.7556096,2.2201812195920656,209.34693113772454,0.0,Day Session Only,premium,manual_underlying,SET official DR market data,https://www.set.or.th/en/market/product/dr/quote/WUXIAT80/factsheet
JAPAN13,Depositary Receipt on CAM JAPAN HDG ETF Issued by KGI,KGI,CAM JAPAN HDG ETF,CHINAAMC MSCI JAPAN HEDGED TO USD ETF (3160),The Stock Exchange of Hong Kong Limited,3160.HK,5.8,33.18,,,,HKD,4.2752,HKDTHB=X,25 : 1,25.0,5.6740454399999996,2.2198369986970112,33.91654191616767,0.0,Day Session Only,premium,exchange_rule_hk,SET official DR market data,https://www.set.or.th/en/market/product/dr/quote/JAPAN13/factsheet
ZIJIN23,Depositary Receipt on ZIJIN Issued by INVX,INVX,ZIJIN,ZIJIN MINING GROUP COMPANY LIMITED (H SHARES) (2899),The Stock Exchange of Hong Kong Limited,2899.HK,2.14,31.84,,,,HKD,4.2752,HKDTHB=X,65 : 1,65.0,2.0941902769230767,2.1874670884362013,32.536489520958085,0.0,Day Session Only,premium,manual_underlying,SET official DR market data,https://www.set.or.th/en/market/product/dr/quote/ZIJIN23/factsheet
TEL23,Depositary Receipt on TEL Issued by INVX,INVX,TEL,TOKYO ELECTRON LTD. (8035),Tokyo Stock Exchange,8035.T,4.48,56550.0,,,,JPY,0.2101,JPYTHB=X,"2,710 : 1",2710.0,4.384190036900369,2.1853515083340103,57785.81627796288,0.0,Day Session Only,premium,manual_underlying,SET official DR market data,https://www.set.or.th/en/market/product/dr/quote/TEL23/factsheet
BYDCOM80,Depositary Receipt on BYDCOM Issued by KTB,KTB,BYDCOM,BYD COMPANY LIMITED (H SHARES)(1211),The Stock Exchange of Hong Kong Limited,1211.HK,0.33,78.9,,,,HKD,4.2752,HKDTHB=X,"1,000 : 1",1000.0,0.33731328,-2.1680972655449438,77.18937125748504,0.0,Day Session Only,discount,manual_underlying,SET official DR market data,https://www.set.or.th/en/market/product/dr/quote/BYDCOM80/factsheet
MURATA23,Depositary Receipt on MURATA Issued by INVX,INVX,MURATA,"MURATA MANUFACTURING CO., LTD. (6981)",Tokyo Stock Exchange,6981.T,2.16,8051.0,,,,JPY,0.2101,JPYTHB=X,800 : 1,800.0,2.114393875,2.1569361101180906,8224.654926225607,0.0,Day Session Only,premium,exchange_rule_tokyo,SET official DR market data,https://www.set.or.th/en/market/product/dr/quote/MURATA23/factsheet
GAC03,Depositary Receipt on GAC Issued by PI,PI,GAC,"GUANGZHOU AUTOMOBILE GROUP CO., LTD  (2238)",The Stock Exchange of Hong Kong Limited,2238.HK,2.1,2.51,,,,HKD,4.2752,HKDTHB=X,5 : 1,5.0,2.1461504,-2.1503805138726406,2.4560254491017965,0.0,Day Session Only,discount,exchange_rule_hk,SET official DR market data,https://www.set.or.th/en/market/product/dr/quote/GAC03/factsheet
UOB19,Depositary Receipt on UOB Issued by YUANTA,YUANTA,UOB,UNITED OVERSEAS BANK LIMITED (U11),Singapore Exchange,U11.SI,11.1,43.22,,,,SGD,26.2379,SGDTHB=X,100 : 1,100.0,11.340020379999999,-2.1165780303474158,42.305214975283846,0.0,Day Session Only,discount,manual_underlying,SET official DR market data,https://www.set.or.th/en/market/product/dr/quote/UOB19/factsheet
ZIJIN80,Depositary Receipt on ZIJIN Issued by KTB,KTB,ZIJIN,ZIJIN MINING GROUP COMPANY LIMITED (H SHARES) (2899),The Stock Exchange of Hong Kong Limited,2899.HK,13.9,31.84,,,,HKD,4.2752,HKDTHB=X,10 : 1,10.0,13.6122368,2.1140037763668573,32.51309880239521,0.0,Day Session Only,premium,manual_underlying,SET official DR market data,https://www.set.or.th/en/market/product/dr/quote/ZIJIN80/factsheet
STAR5001,Depositary Receipt on PREMIA STAR50 ETF Issued by BLS,BLS,PREMIA STAR50 ETF,PREMIA CHINA STAR50 ETF (3151),The Stock Exchange of Hong Kong Limited,3151.HK,48.75,11.17,,,,HKD,4.2752,HKDTHB=X,1 : 1,1.0,47.753983999999996,2.0857233607985526,11.402975299401199,0.0,Day Session Only,premium,exchange_rule_hk,SET official DR market data,https://www.set.or.th/en/market/product/dr/quote/STAR5001/factsheet
RGTI23,Depositary Receipt on RGTI Issued by INVX,INVX,RGTI,"RIGETTI COMPUTING, INC (RGTI)",The Nasdaq Stock Market,RGTI,2.28,16.66,16.69,Postmarket,1790380781,USD,33.52,USDTHB=X,250 : 1,250.0,2.2337728,2.069467405100456,17.004773269689736,3.636364,Day & Night Session,premium,same_as_set_underlying,SET official DR market data,https://www.set.or.th/en/market/product/dr/quote/RGTI23/factsheet
HAIERS19,Depositary Receipt on HAIERS Issued by YUANTA,YUANTA,HAIERS,HAIER SMART HOME COMPANY LIMITED (H SHARES)(6690),The Stock Exchange of Hong Kong Limited,6690.HK,8.4,20.06,,,,HKD,4.2752,HKDTHB=X,10 : 1,10.0,8.576051199999998,-2.05282356523242,19.648203592814372,0.0,Day Session Only,discount,manual_underlying,SET official DR market data,https://www.set.or.th/en/market/product/dr/quote/HAIERS19/factsheet
BABA01,Depositary Receipt on BABA Issued by BLS,BLS,BABA,ALIBABA GROUP HOLDING LIMITED (9988),The Stock Exchange of Hong Kong Limited,9988.HK,10.6,106.9,,,,HKD,4.2752,HKDTHB=X,44 : 1,44.0,10.386792727272727,2.0526766859172207,109.0943113772455,0.0,Day Session Only,premium,manual_underlying,SET official DR market data,https://www.set.or.th/en/market/product/dr/quote/BABA01/factsheet
UNIQLO80,Depositary Receipt on UNIQLO Issued by KTB,KTB,UNIQLO,"FAST RETAILING CO., LTD. (9983)",Tokyo Stock Exchange,9983.T,14.6,68140.0,,,,JPY,0.2101,JPYTHB=X,"1,000 : 1",1000.0,14.316214,1.9822698934229388,69490.71870537839,0.0,Day Session Only,ok,manual_underlying,SET official DR market data,https://www.set.or.th/en/market/product/dr/quote/UNIQLO80/factsheet
CAT19,Depositary Receipt on CAT Issued by YUANTA,YUANTA,CAT,CATERPILLAR INC. (CAT),The New York Stock Exchange,CAT,5.4,821.58,821.1802,Postmarket,1790380687,USD,33.52,USDTHB=X,"5,000 : 1",5000.0,5.507872320000001,-1.958511630857851,805.4892601431981,-0.917431,Day & Night Session,ok,same_as_set_underlying,SET official DR market data,https://www.set.or.th/en/market/product/dr/quote/CAT19/factsheet
GDS23,Depositary Receipt on GDS Issued by INVX,INVX,GDS,GDS HOLDINGS LTD. (9698),The Stock Exchange of Hong Kong Limited,9698.HK,1.96,31.48,,,,HKD,4.2752,HKDTHB=X,70 : 1,70.0,1.9226185142857142,1.9443007251063404,32.09206586826347,0.0,Day Session Only,ok,exchange_rule_hk,SET official DR market data,https://www.set.or.th/en/market/product/dr/quote/GDS23/factsheet
SIA19,Depositary Receipt on SIA Issued by YUANTA,YUANTA,SIA,SINGAPORE AIRLINES LTD. (C6L),Singapore Exchange,C6L.SI,17.3,6.72,,,,SGD,26.2379,SGDTHB=X,10 : 1,10.0,17.6318688,-1.8822100128149666,6.593515487138833,0.0,Day Session Only,ok,exchange_rule_singapore,SET official DR market data,https://www.set.or.th/en/market/product/dr/quote/SIA19/factsheet
TENCENT80,Depositary Receipt on TENCENT Issued by KTB,KTB,TENCENT,TENCENT HOLDINGS LIMITED (700),The Stock Exchange of Hong Kong Limited,0700.HK,18.5,441.0,,,,HKD,4.2752,HKDTHB=X,100 : 1,100.0,18.853632,-1.8756704278517833,432.7282934131737,0.0,Day Session Only,ok,manual_underlying,SET official DR market data,https://www.set.or.th/en/market/product/dr/quote/TENCENT80/factsheet
INTEL23,Depositary Receipt on INTEL Issued by INVX,INVX,INTEL,INTEL CORPORATION (INTC),The Nasdaq Stock Market,INTC,6.0,123.0,122.9478,Postmarket,1790380799,USD,33.52,USDTHB=X,700 : 1,700.0,5.889942857142858,1.868560451714285,125.29832935560859,-3.225806,Day & Night Session,ok,same_as_set_underlying,SET official DR market data,https://www.set.or.th/en/market/product/dr/quote/INTEL23/factsheet
GEV80,Depositary Receipt on GEV Issued by KTB,KTB,GEV,GE VERNOVA INC (GEV),The New York Stock Exchange,GEV,31.5,957.63,956.72,Postmarket,1790378752,USD,33.52,USDTHB=X,"1,000 : 1",1000.0,32.099757600000004,-1.868417847491799,939.7374701670643,-1.5625,Day & Night Session,ok,same_as_set_underlying,SET official DR market data,https://www.set.or.th/en/market/product/dr/quote/GEV80/factsheet
KUAISH06,Depositary Receipt on KUAISH Issued by KKPS,KKPS,KUAISH,KUAISHOU TECHNOLOGY (1024),The Stock Exchange of Hong Kong Limited,1024.HK,1.31,30.08,,,,HKD,4.2752,HKDTHB=X,100 : 1,100.0,1.28598016,1.8678235284749656,30.64184131736527,0.0,Day Session Only,ok,exchange_rule_hk,SET official DR market data,https://www.set.or.th/en/market/product/dr/quote/KUAISH06/factsheet
CME03,Depositary Receipt on CME Issued by PI,PI,CME,"CME GROUP INC., CLASS A (CME)",The Nasdaq Stock Market,CME,2.9,264.48,264.5,Postmarket,1790380529,USD,33.52,USDTHB=X,"3,000 : 1",3000.0,2.9551232000000005,-1.8653435498053206,259.5465393794749,-3.97351,Day & Night Session,ok,same_as_set_underlying,SET official DR market data,https://www.set.or.th/en/market/product/dr/quote/CME03/factsheet
AAPL01,Depositary Receipt on AAPL Issued by BLS,BLS,AAPL,APPLE INC. (AAPL),The Nasdaq Global Select Market,AAPL,33.0,341.07,341.4603,Postmarket,1790380798,USD,33.52,USDTHB=X,340 : 1,340.0,33.625489411764704,-1.8601644844635667,334.7255369928401,0.0,Day & Night Session,ok,same_as_set_underlying,SET official DR market data,https://www.set.or.th/en/market/product/dr/quote/AAPL01/factsheet
JOBY03,Depositary Receipt on JOBY Issued by PI,PI,JOBY,"JOBY AVIATION, INC. (JOBY)",The New York Stock Exchange,JOBY,2.08,6.32,6.31,Postmarket,1790380726,USD,33.52,USDTHB=X,100 : 1,100.0,2.1184640000000003,-1.8156551161596424,6.20525059665871,-1.886792,Day & Night Session,ok,same_as_set_underlying,SET official DR market data,https://www.set.or.th/en/market/product/dr/quote/JOBY03/factsheet
ASEMI23,Depositary Receipt on ASEMI ETF Issued by INVX,INVX,ASEMI ETF,GLOBAL X ASIA SEMICONDUCTOR ETF (3119),The Stock Exchange of Hong Kong Limited,3119.HK,7.95,182.65,,,,HKD,4.2752,HKDTHB=X,100 : 1,100.0,7.8086528,1.8101355460445223,185.9562125748503,0.0,Day Session Only,ok,exchange_rule_hk,SET official DR market data,https://www.set.or.th/en/market/product/dr/quote/ASEMI23/factsheet
EOSE03,Depositary Receipt on EOSE Issued by PI,PI,EOSE,"EOS ENERGY ENTERPRISES, INC., CLASS A (EOSE)",The Nasdaq Stock Market,EOSE,0.54,3.165,3.22,Postmarket,1790380795,USD,33.52,USDTHB=X,200 : 1,200.0,0.5304540000000001,1.7995905394247114,3.221957040572792,-3.571429,Day & Night Session,ok,same_as_set_underlying,SET official DR market data,https://www.set.or.th/en/market/product/dr/quote/EOSE03/factsheet
MRAM03,Depositary Receipt on MRAM Issued by PI,PI,MRAM,"EVERSPIN TECHNOLOGIES, INC. (MRAM)",The Nasdaq Stock Market,MRAM,1.26,18.47,18.55,Postmarket,1790380501,USD,33.52,USDTHB=X,500 : 1,500.0,1.2382288000000001,1.758253401956078,18.79474940334129,5.0,Day & Night Session,ok,same_as_set_underlying,SET official DR market data,https://www.set.or.th/en/market/product/dr/quote/MRAM03/factsheet
TME23,Depositary Receipt on TME Issued by INVX,INVX,TME,TENCENT MUSIC ENTERTAINMENT GROUP (1698),The Stock Exchange of Hong Kong Limited,1698.HK,0.86,32.76,,,,HKD,4.2752,HKDTHB=X,160 : 1,160.0,0.8753471999999999,-1.7532700167430582,32.18562874251497,0.0,Day Session Only,ok,exchange_rule_hk,SET official DR market data,https://www.set.or.th/en/market/product/dr/quote/TME23/factsheet
BABA23,Depositary Receipt on BABA Issued by INVX,INVX,BABA,ALIBABA GROUP HOLDING LIMITED (9988),The Stock Exchange of Hong Kong Limited,9988.HK,3.1,106.9,,,,HKD,4.2752,HKDTHB=X,150 : 1,150.0,3.0467925333333334,1.7463436083865913,108.76684131736528,0.0,Day Session Only,ok,manual_underlying,SET official DR market data,https://www.set.or.th/en/market/product/dr/quote/BABA23/factsheet
SHINCHEM19,Depositary Receipt on SHINCHEM Issued by YUANTA,YUANTA,SHINCHEM,"SHIN-ETSU CHEMICAL CO., LTD. (4063)",Tokyo Stock Exchange,4063.T,2.5,5849.0,,,,JPY,0.2101,JPYTHB=X,500 : 1,500.0,2.4577498,1.7190602558486479,5949.547834364588,0.0,Day Session Only,ok,exchange_rule_tokyo,SET official DR market data,https://www.set.or.th/en/market/product/dr/quote/SHINCHEM19/factsheet
SHINCHEM80,Depositary Receipt on SHINCHEM Issued by KTB,KTB,SHINCHEM,"SHIN-ETSU CHEMICAL CO., LTD. (4063)",Tokyo Stock Exchange,4063.T,12.5,5849.0,,,,JPY,0.2101,JPYTHB=X,100 : 1,100.0,12.288749000000001,1.7190602558486479,5949.547834364588,0.0,Day Session Only,ok,exchange_rule_tokyo,SET official DR market data,https://www.set.or.th/en/market/product/dr/quote/SHINCHEM80/factsheet
GOLD19,Depositary Receipt on SPDR GOLD TRUST(GSD) Issued by YUANTA,YUANTA,SPDR GOLD TRUST(GSD),SPDR GOLD SHARES (GSD),Singapore Exchange,GSD.SI,13.2,494.61,,,,SGD,26.2379,SGDTHB=X,"1,000 : 1",1000.0,12.977527719,1.7142886212008213,503.0890429493214,0.0,Day Session Only,ok,exchange_rule_singapore,SET official DR market data,https://www.set.or.th/en/market/product/dr/quote/GOLD19/factsheet
KONAMI24,Depositary Receipt on KONAMI Issued by FSS,FSS,KONAMI,KONAMI GROUP CORPORATION (9766),Tokyo Stock Exchange,9766.T,1.2,21340.0,,,,JPY,0.2101,JPYTHB=X,"3,800 : 1",3800.0,1.1798773684210528,1.705485003570817,21703.950499762017,0.0,Day Session Only,ok,exchange_rule_tokyo,SET official DR market data,https://www.set.or.th/en/market/product/dr/quote/KONAMI24/factsheet
BLK06,Depositary Receipt on BLK Issued by KKPS,KKPS,BLK,"BLACKROCK, INC. (BLK)",The New York Stock Exchange,BLK,3.58,1086.31,1086.31,Postmarket,1790371344,USD,33.52,USDTHB=X,"10,000 : 1",10000.0,3.64131112,-1.6837649401405752,1068.019093078759,-0.555556,Day & Night Session,ok,same_as_set_underlying,SET official DR market data,https://www.set.or.th/en/market/product/dr/quote/BLK06/factsheet
CHMOBILE19,Depositary Receipt on CHMOBILE Issued by YUANTA,YUANTA,CHMOBILE,CHINA MOBILE LIMITED (941),The Stock Exchange of Hong Kong Limited,0941.HK,3.34,79.45,,,,HKD,4.2752,HKDTHB=X,100 : 1,100.0,3.3966464000000003,-1.6677155443675429,78.125,0.0,Day Session Only,ok,manual_underlying,SET official DR market data,https://www.set.or.th/en/market/product/dr/quote/CHMOBILE19/factsheet
TENCENT23,Depositary Receipt on TENCENT Issued by INVX,INVX,TENCENT,TENCENT HOLDINGS LIMITED (700),The Stock Exchange of Hong Kong Limited,0700.HK,2.06,441.0,,,,HKD,4.2752,HKDTHB=X,900 : 1,900.0,2.094848,-1.663509715263345,433.6639221556886,0.0,Day Session Only,ok,manual_underlying,SET official DR market data,https://www.set.or.th/en/market/product/dr/quote/TENCENT23/factsheet
WMT80,Depositary Receipt on WMT Issued by KTB,KTB,WMT,WALMART INC. (WMT),The Nasdaq Stock Market,WMT,3.56,107.98,107.9137,Postmarket,1790380794,USD,33.52,USDTHB=X,"1,000 : 1",1000.0,3.6194896000000005,-1.6435908532518084,106.2052505966587,-1.111111,Day & Night Session,ok,same_as_set_underlying,SET official DR market data,https://www.set.or.th/en/market/product/dr/quote/WMT80/factsheet
CN01,Depositary Receipt on CAM CSI300 ETF Issued by BLS,BLS,CAM CSI300 ETF,CHINAAMC CSI 300 INDEX ETF (3188),The Stock Exchange of Hong Kong Limited,3188.HK,22.9,52.7,,,,HKD,4.2752,HKDTHB=X,10 : 1,10.0,22.530304,1.6408833187514738,53.564745508982035,0.0,Day Session Only,ok,exchange_rule_hk,SET official DR market data,https://www.set.or.th/en/market/product/dr/quote/CN01/factsheet
LULU06,Depositary Receipt on LULU Issued by KKPS,KKPS,LULU,"LULULEMON ATHLETICA, INC (LULU)",The Nasdaq Stock Market,LULU,1.67,101.3,100.9,Postmarket,1790380773,USD,33.52,USDTHB=X,"2,000 : 1",2000.0,1.697788,-1.6367178941069316,99.64200477326968,-1.764706,Day & Night Session,ok,same_as_set_underlying,SET official DR market data,https://www.set.or.th/en/market/product/dr/quote/LULU06/factsheet
KINGSOFT23,Depositary Receipt on KINGSOFT Issued by INVX,INVX,KINGSOFT,KINGSOFT CORPORATION LTD (3888),The Stock Exchange of Hong Kong Limited,3888.HK,1.72,24.54,,,,HKD,4.2752,HKDTHB=X,60 : 1,60.0,1.7485567999999998,-1.633163989868669,24.13922155688623,0.0,Day Session Only,ok,exchange_rule_hk,SET official DR market data,https://www.set.or.th/en/market/product/dr/quote/KINGSOFT23/factsheet
V3011,Depositary Receipt on KIM VN30 ETF Issued by KS,KS,KIM VN30 ETF,KIM GROWTH VN30 ETF (FUEKIV30),Hochiminh Stock Exchange,FUEKIV30.VN,8.7,13250.0,,,,VND,0.0012922227146461723,Google Finance THB-VND inverted,2 : 1,2.0,8.560975484530891,1.6239331104301868,13465.171137132,0.0,Day Session Only,ok,exchange_rule_vietnam,SET official DR market data,https://www.set.or.th/en/market/product/dr/quote/V3011/factsheet
SYNP03,Depositary Receipt on SYNP Issued by PI,PI,SYNP,"SYNOPSYS, INC. (SNPS)",The Nasdaq Stock Market,SNPS,2.9,425.76,427.04,Postmarket,1790380636,USD,33.52,USDTHB=X,"5,000 : 1",5000.0,2.8542950400000002,1.6012696430989681,432.5775656324582,1.398601,Day & Night Session,ok,same_as_set_underlying,SET official DR market data,https://www.set.or.th/en/market/product/dr/quote/SYNP03/factsheet
AMPX03,Depositary Receipt on AMPX Issued by PI,PI,AMPX,"AMPRIUS TECHNOLOGIES, INC. (AMPX)",The New York Stock Exchange,AMPX,1.66,9.75,9.8018,Postmarket,1790380702,USD,33.52,USDTHB=X,200 : 1,200.0,1.6341000000000003,1.5849703200538245,9.90453460620525,1.219512,Day & Night Session,ok,same_as_set_underlying,SET official DR market data,https://www.set.or.th/en/market/product/dr/quote/AMPX03/factsheet
JPANIME24,Depositary Receipt on JPANIME ETF Issued by FSS,FSS,JPANIME ETF,GLOBAL X JAPAN GAMES & ANIMATION ETF (2640),Tokyo Stock Exchange,2640.T,1.51,4245.0,,,,JPY,0.2101,JPYTHB=X,600 : 1,600.0,1.4864575,1.5837990658999601,4312.232270347454,0.0,Day Session Only,ok,exchange_rule_tokyo,SET official DR market data,https://www.set.or.th/en/market/product/dr/quote/JPANIME24/factsheet
BONDAS19,Depositary Receipt on BONDAS ETF Issued by YUANTA,YUANTA,BONDAS ETF,ISHARES JP MORGAN USD ASIA CREDIT BOND ETF (N6M),Singapore Exchange,N6M.SI,6.4,9.7,,,,USD,33.52,USDTHB=X,50 : 1,50.0,6.50288,-1.5820682528356667,9.54653937947494,0.0,Day Session Only,ok,exchange_rule_singapore,SET official DR market data,https://www.set.or.th/en/market/product/dr/quote/BONDAS19/factsheet
SYM03,Depositary Receipt on SYM Issued by PI,PI,SYM,SYMBOTIC INC. (SYM),The Nasdaq Stock Market,SYM,1.85,43.47,43.58,Postmarket,1790380685,USD,33.52,USDTHB=X,800 : 1,800.0,1.8213930000000003,1.570611065267058,44.152744630071595,0.0,Day & Night Session,ok,same_as_set_underlying,SET official DR market data,https://www.set.or.th/en/market/product/dr/quote/SYM03/factsheet
PWR80,Depositary Receipt on PWR Issued by KTB,KTB,PWR,"QUANTA SERVICES, INC. (PWR)",The New York Stock Exchange,PWR,3.06,649.13,649.13,Postmarket,1790371343,USD,33.52,USDTHB=X,"7,000 : 1",7000.0,3.1084053714285718,-1.5572412746901576,639.0214797136038,0.0,Day & Night Session,ok,same_as_set_underlying,SET official DR market data,https://www.set.or.th/en/market/product/dr/quote/PWR80/factsheet
CNEV24,Depositary Receipt on CNEV ETF Issued by FSS,FSS,CNEV ETF,GLOBAL X CHINA ELECTRIC VEHICLE AND BATTERY ETF (2845),The Stock Exchange of Hong Kong Limited,2845.HK,1.86,85.68,,,,HKD,4.2752,HKDTHB=X,200 : 1,200.0,1.8314956800000002,1.5563410993139737,87.01347305389221,0.0,Day Session Only,ok,exchange_rule_hk,SET official DR market data,https://www.set.or.th/en/market/product/dr/quote/CNEV24/factsheet
CBRS80,Depositary Receipt on CBRS Issued by KTB,KTB,CBRS,CEREBRAS SYSTEMS INC. (CBRS),The Nasdaq Stock Market,CBRS,3.06,206.75,206.5,Postmarket,1790380735,USD,33.52,USDTHB=X,"2,300 : 1",2300.0,3.0131565217391305,1.5546314279695217,209.96420047732695,-0.649351,Day & Night Session,ok,same_as_set_underlying,SET official DR market data,https://www.set.or.th/en/market/product/dr/quote/CBRS80/factsheet
NOVOB80,Depositary Receipt on NOVOB Issued by KTB,KTB,NOVOB,NOVO NORDISK A/S (NOVO-B),Nasdaq Copenhagen,NOVO-B.CO,1.3,253.0,,,,DKK,5.06,DKKTHB=X,"1,000 : 1",1000.0,1.2801799999999999,1.5482197815932297,256.91699604743087,0.775194,Day & Night Session,ok,manual_underlying,SET official DR market data,https://www.set.or.th/en/market/product/dr/quote/NOVOB80/factsheet
ETN03,Depositary Receipt on ETN Issued by PI,PI,ETN,EATON CORPORATION PLC (ETN),The New York Stock Exchange,ETN,2.42,439.98,439.98,Postmarket,1790371682,USD,33.52,USDTHB=X,"6,000 : 1",6000.0,2.4580216000000004,-1.5468375054149441,433.1742243436754,-3.2,Day & Night Session,ok,same_as_set_underlying,SET official DR market data,https://www.set.or.th/en/market/product/dr/quote/ETN03/factsheet
AAOI23,Depositary Receipt on AAOI Issued by INVX,INVX,AAOI,APPLIED OPTOELECTRONICS INC. (AAOI),The Nasdaq Stock Market,AAOI,2.3,101.4,101.59,Postmarket,1790380774,USD,33.52,USDTHB=X,"1,500 : 1",1500.0,2.2659520000000004,1.5025914052901213,102.92362768496417,-0.862069,Day & Night Session,ok,same_as_set_underlying,SET official DR market data,https://www.set.or.th/en/market/product/dr/quote/AAOI23/factsheet
AIA19,Depositary Receipt on AIA Issued by YUANTA,YUANTA,AIA,AIA GROUP LIMITED (1299),The Stock Exchange of Hong Kong Limited,1299.HK,3.14,74.55,,,,HKD,4.2752,HKDTHB=X,100 : 1,100.0,3.1871616,-1.4797367036550657,73.44685628742515,0.0,Day Session Only,ok,manual_underlying,SET official DR market data,https://www.set.or.th/en/market/product/dr/quote/AIA19/factsheet
CATL23,Depositary Receipt on CATL Issued by INVX,INVX,CATL,"CONTEMPORARY AMPEREX TECHNOLOGY CO., LIMITED (3750)",The Stock Exchange of Hong Kong Limited,3750.HK,8.35,481.2,,,,HKD,4.2752,HKDTHB=X,250 : 1,250.0,8.22890496,1.4715814630091417,488.28125,0.0,Day Session Only,ok,manual_underlying,SET official DR market data,https://www.set.or.th/en/market/product/dr/quote/CATL23/factsheet
ALAB23,Depositary Receipt on ALAB Issued by INVX,INVX,ALAB,"ASTERA LABS, INC. (ALAB)",The Nasdaq Stock Market,ALAB,2.48,364.62,364.6,Postmarket,1790380785,USD,33.52,USDTHB=X,"5,000 : 1",5000.0,2.44441248,1.4558721284224418,369.9284009546539,0.0,Day & Night Session,ok,same_as_set_underlying,SET official DR market data,https://www.set.or.th/en/market/product/dr/quote/ALAB23/factsheet
ANTA23,Depositary Receipt on ANTA Issued by INVX,INVX,ANTA,ANTA SPORTS PRODUCTS LTD. (2020),The Stock Exchange of Hong Kong Limited,2020.HK,1.9,72.15,,,,HKD,4.2752,HKDTHB=X,160 : 1,160.0,1.9278480000000002,-1.444512222955352,71.10778443113773,0.0,Day Session Only,ok,exchange_rule_hk,SET official DR market data,https://www.set.or.th/en/market/product/dr/quote/ANTA23/factsheet
QBTS03,Depositary Receipt on QBTS Issued by PI,PI,QBTS,D-WAVE QUANTUM INC. (QBTS),The Nasdaq Stock Market,QBTS,1.48,17.41,17.41,Postmarket,1790380796,USD,33.52,USDTHB=X,400 : 1,400.0,1.458958,1.4422622172810984,17.66109785202864,0.680272,Day & Night Session,ok,same_as_set_underlying,SET official DR market data,https://www.set.or.th/en/market/product/dr/quote/QBTS03/factsheet
FANUC23,Depositary Receipt on FANUC Issued by INVX,INVX,FANUC,FANUC CORP. (6954),Tokyo Stock Exchange,6954.T,2.32,5987.0,,,,JPY,0.2101,JPYTHB=X,550 : 1,550.0,2.287034,1.4414302542069768,6073.298429319371,0.0,Day Session Only,ok,manual_underlying,SET official DR market data,https://www.set.or.th/en/market/product/dr/quote/FANUC23/factsheet
CH30080,Depositary Receipt on E FUND CSI 300 ETF Issued by KTB,KTB,E FUND CSI 300 ETF,E FUND CSI 300 INDEX ETF (510310),Shanghai Stock Exchange,510310.SS,2.18,4.303,,,,CNY,4.9945,CNYTHB=X,10 : 1,10.0,2.14913335,1.4362370766802357,4.364801281409551,0.0,Day Session Only,ok,exchange_rule_shanghai,SET official DR market data,https://www.set.or.th/en/market/product/dr/quote/CH30080/factsheet
ICBC06,Depositary Receipt on ICBC Issued by KKPS,KKPS,ICBC,INDUSTRIAL AND COMMERCIAL BANK OF CHINA LIMITED (H SHARES) (1398),The Stock Exchange of Hong Kong Limited,1398.HK,3.22,7.64,,,,HKD,4.2752,HKDTHB=X,10 : 1,10.0,3.2662527999999993,-1.4160814496660845,7.53181137724551,0.0,Day Session Only,ok,manual_underlying,SET official DR market data,https://www.set.or.th/en/market/product/dr/quote/ICBC06/factsheet
ICBC19,Depositary Receipt on ICBC Issued by YUANTA,YUANTA,ICBC,INDUSTRIAL AND COMMERCIAL BANK OF CHINA LIMITED (H SHARES) (1398),The Stock Exchange of Hong Kong Limited,1398.HK,3.22,7.64,,,,HKD,4.2752,HKDTHB=X,10 : 1,10.0,3.2662527999999993,-1.4160814496660845,7.53181137724551,0.0,Day Session Only,ok,manual_underlying,SET official DR market data,https://www.set.or.th/en/market/product/dr/quote/ICBC19/factsheet
SONY80,Depositary Receipt on SONY Issued by KTB,KTB,SONY,SONY GROUP CORPORATION (6758),Tokyo Stock Exchange,6758.T,3.96,3717.0,,,,JPY,0.2101,JPYTHB=X,200 : 1,200.0,3.9047085000000004,1.4160211959484137,3769.633507853403,0.0,Day Session Only,ok,manual_underlying,SET official DR market data,https://www.set.or.th/en/market/product/dr/quote/SONY80/factsheet
MPWR23,Depositary Receipt on MPWR Issued by INVX,INVX,MPWR,"MONOLITHIC POWER SYSTEMS, INC (MPWR)",The Nasdaq Stock Market,MPWR,4.52,1367.43,1369.5562,Postmarket,1790380579,USD,33.52,USDTHB=X,"10,000 : 1",10000.0,4.58362536,-1.388101229983607,1348.448687350835,-1.73913,Day & Night Session,ok,same_as_set_underlying,SET official DR market data,https://www.set.or.th/en/market/product/dr/quote/MPWR23/factsheet
TSLA80,Depositary Receipt on TSLA Issued by KTB,KTB,TSLA,TESLA INC. (TSLA),The Nasdaq Global Select Market,TSLA,2.46,372.11,372.59,Postmarket,1790380799,USD,33.52,USDTHB=X,"5,000 : 1",5000.0,2.49462544,-1.3880015590637118,366.945107398568,-3.149606,Day & Night Session,ok,same_as_set_underlying,SET official DR market data,https://www.set.or.th/en/market/product/dr/quote/TSLA80/factsheet
QCOM23,Depositary Receipt on QCOM Issued by INVX,INVX,QCOM,QUALCOMM INCORPORATED (QCOM),The Nasdaq Stock Market,QCOM,3.12,201.97,202.7,Postmarket,1790380797,USD,33.52,USDTHB=X,"2,200 : 1",2200.0,3.077288363636364,1.3879634053262757,204.77326968973745,4.697987,Day & Night Session,ok,same_as_set_underlying,SET official DR market data,https://www.set.or.th/en/market/product/dr/quote/QCOM23/factsheet
CATL01,Depositary Receipt on CATL Issued by BLS,BLS,CATL,"CONTEMPORARY AMPEREX TECHNOLOGY CO., LIMITED (3750)",The Stock Exchange of Hong Kong Limited,3750.HK,4.74,481.2,,,,HKD,4.2752,HKDTHB=X,440 : 1,440.0,4.675514181818182,1.3792240954500157,487.83682634730536,0.0,Day Session Only,ok,manual_underlying,SET official DR market data,https://www.set.or.th/en/market/product/dr/quote/CATL01/factsheet
GEELY80,Depositary Receipt on GEELY Issued by KTB,KTB,GEELY,GEELY AUTOMOBILE HOLDINGS LIMITED (175),The Stock Exchange of Hong Kong Limited,0175.HK,6.7,15.89,,,,HKD,4.2752,HKDTHB=X,10 : 1,10.0,6.793292800000001,-1.3733075070752165,15.671781437125748,0.0,Day Session Only,ok,manual_underlying,SET official DR market data,https://www.set.or.th/en/market/product/dr/quote/GEELY80/factsheet
TRIPCOM23,Depositary Receipt on TRIPCOM Issued by INVX,INVX,TRIPCOM,TRIP.COM GROUP LTD. (9961),The Stock Exchange of Hong Kong Limited,9961.HK,1.32,313.0,,,,HKD,4.2752,HKDTHB=X,"1,000 : 1",1000.0,1.3381376,-1.355436092670892,308.75748502994014,0.0,Day Session Only,ok,manual_underlying,SET official DR market data,https://www.set.or.th/en/market/product/dr/quote/TRIPCOM23/factsheet
TENCENT06,Depositary Receipt on TENCENT Issued by KKPS,KKPS,TENCENT,TENCENT HOLDINGS LIMITED (700),The Stock Exchange of Hong Kong Limited,0700.HK,1.86,441.0,,,,HKD,4.2752,HKDTHB=X,"1,000 : 1",1000.0,1.8853632,-1.345268646380704,435.0673652694611,0.0,Day Session Only,ok,manual_underlying,SET official DR market data,https://www.set.or.th/en/market/product/dr/quote/TENCENT06/factsheet
TENCENT11,Depositary Receipt on TENCENT Issued by KS,KS,TENCENT,TENCENT HOLDINGS LIMITED (700),The Stock Exchange of Hong Kong Limited,0700.HK,18.6,441.0,,,,HKD,4.2752,HKDTHB=X,100 : 1,100.0,18.853632,-1.345268646380704,435.06736526946116,0.0,Day Session Only,ok,manual_underlying,SET official DR market data,https://www.set.or.th/en/market/product/dr/quote/TENCENT11/factsheet
TENCENT19,Depositary Receipt on TENCENT Issued by YUANTA,YUANTA,TENCENT,TENCENT HOLDINGS LIMITED (700),The Stock Exchange of Hong Kong Limited,0700.HK,9.3,441.0,,,,HKD,4.2752,HKDTHB=X,200 : 1,200.0,9.426816,-1.345268646380704,435.06736526946116,0.0,Day Session Only,ok,manual_underlying,SET official DR market data,https://www.set.or.th/en/market/product/dr/quote/TENCENT19/factsheet
ISRG80,Depositary Receipt on ISRG Issued by KTB,KTB,ISRG,INTUITIVE SURGICAL INC. (ISRG),The Nasdaq Stock Market,ISRG,13.4,405.18,405.06,Postmarket,1790380683,USD,33.52,USDTHB=X,"1,000 : 1",1000.0,13.581633600000002,-1.3373472245636342,399.7613365155131,0.0,Day & Night Session,ok,same_as_set_underlying,SET official DR market data,https://www.set.or.th/en/market/product/dr/quote/ISRG80/factsheet
ISRG06,Depositary Receipt on ISRG Issued by KKPS,KKPS,ISRG,INTUITIVE SURGICAL INC. (ISRG),The Nasdaq Stock Market,ISRG,2.68,405.18,405.06,Postmarket,1790380683,USD,33.52,USDTHB=X,"5,000 : 1",5000.0,2.71632672,-1.337347224563612,399.7613365155131,-0.740741,Day & Night Session,ok,same_as_set_underlying,SET official DR market data,https://www.set.or.th/en/market/product/dr/quote/ISRG06/factsheet
HKTECH13,Depositary Receipt on HSTECH ETF Issued by KGI,KGI,HSTECH ETF,HANG SENG TECH INDEX ETF (3032),The Stock Exchange of Hong Kong Limited,3032.HK,3.72,4.294,,,,HKD,4.2752,HKDTHB=X,5 : 1,5.0,3.6715417599999993,1.319833551341687,4.350673652694611,0.0,Day Session Only,ok,exchange_rule_hk,SET official DR market data,https://www.set.or.th/en/market/product/dr/quote/HKTECH13/factsheet
BE80,Depositary Receipt on BE Issued by KTB,KTB,BE,BLOOM ENERGY CORPORATION (BE),The New York Stock Exchange,BE,3.82,288.7,289.0,Postmarket,1790380754,USD,33.52,USDTHB=X,"2,500 : 1",2500.0,3.8708896,-1.3146745388966985,284.90453460620523,5.524862,Day & Night Session,ok,same_as_set_underlying,SET official DR market data,https://www.set.or.th/en/market/product/dr/quote/BE80/factsheet
KEYENCE23,Depositary Receipt on KEYENCE Issued by INVX,INVX,KEYENCE,KEYENCE CORPORATION (6861),Tokyo Stock Exchange,6861.T,3.0,79630.0,,,,JPY,0.2101,JPYTHB=X,"5,650 : 1",5650.0,2.961108495575221,1.3134103151875243,80675.86863398382,0.0,Day Session Only,ok,manual_underlying,SET official DR market data,https://www.set.or.th/en/market/product/dr/quote/KEYENCE23/factsheet
MSN11,Depositary Receipt on MSN Issued by KS,KS,MSN,MASAN GROUP CORPORATION (MSN),Hochiminh Stock Exchange,MSN.VN,3.66,69900.0,,,,VND,0.0012922227146461723,Google Finance THB-VND inverted,25 : 1,25.0,3.613054710150698,1.2993240793562233,70808.22753147,0.0,Day Session Only,ok,exchange_rule_vietnam,SET official DR market data,https://www.set.or.th/en/market/product/dr/quote/MSN11/factsheet
FUEVFVND01,Depositary Receipt on DCVFMVN DIAMOND ETF Issued by BLS,BLS,DCVFMVN DIAMOND ETF,DCVFMVN DIAMOND ETF,Hochiminh Stock Exchange,FUEVFVND.VN,42.75,33510.0,,,,VND,0.0012922227146461723,Google Finance THB-VND inverted,1 : 1,1.0,43.30238316779323,-1.275641494494173,33082.532535195,0.0,Day Session Only,ok,manual_dr_symbol,SET official DR market data,https://www.set.or.th/en/market/product/dr/quote/FUEVFVND01/factsheet
MELI23,Depositary Receipt on MELI Issued by INVX,INVX,MELI,"MERCADOLIBRE,INC. (MELI)",The Nasdaq Stock Market,MELI,5.8,1752.61,1755.0,Postmarket,1790380744,USD,33.52,USDTHB=X,"10,000 : 1",10000.0,5.87474872,-1.2723730590472049,1730.3102625298327,-2.521008,Day & Night Session,ok,same_as_set_underlying,SET official DR market data,https://www.set.or.th/en/market/product/dr/quote/MELI23/factsheet
ISRG01,Depositary Receipt on ISRG Issued by BLS,BLS,ISRG,INTUITIVE SURGICAL INC. (ISRG),The Nasdaq Stock Market,ISRG,2.98,405.18,405.06,Postmarket,1790380683,USD,33.52,USDTHB=X,"4,500 : 1",4500.0,3.0181408000000003,-1.2637183792088225,400.0596658711217,1.360544,Day & Night Session,ok,same_as_set_underlying,SET official DR market data,https://www.set.or.th/en/market/product/dr/quote/ISRG01/factsheet
DDOG19,Depositary Receipt on DDOG Issued by YUANTA,YUANTA,DDOG,"DATADOG, INC. (DDOG)",The Nasdaq Stock Market,DDOG,9.1,268.13,267.38,Postmarket,1790380763,USD,33.52,USDTHB=X,"1,000 : 1",1000.0,8.9877176,1.2492871382607795,271.4797136038186,4.597701,Day & Night Session,ok,same_as_set_underlying,SET official DR market data,https://www.set.or.th/en/market/product/dr/quote/DDOG19/factsheet
GOLD03,Depositary Receipt on SPDR GOLD (HK) ETF Issued by PI,PI,SPDR GOLD (HK) ETF,SPDR GOLD TRUST (2840),The Stock Exchange of Hong Kong Limited,2840.HK,3.28,3031.0,,,,HKD,4.2752,HKDTHB=X,"4,000 : 1",4000.0,3.2395328,1.2491677812306756,3068.862275449102,0.0,Day Session Only,ok,exchange_rule_hk,SET official DR market data,https://www.set.or.th/en/market/product/dr/quote/GOLD03/factsheet
ABBV19,Depositary Receipt on ABBV Issued by YUANTA,YUANTA,ABBV,ABBVIE INC. (ABBV),The New York Stock Exchange,ABBV,8.75,264.34,265.0,Postmarket,1790376560,USD,33.52,USDTHB=X,"1,000 : 1",1000.0,8.860676799999998,-1.2490783999705157,261.0381861575179,-1.129944,Day & Night Session,ok,same_as_set_underlying,SET official DR market data,https://www.set.or.th/en/market/product/dr/quote/ABBV19/factsheet
AJINO80,Depositary Receipt on AJINO Issued by KTB,KTB,AJINO,"AJINOMOTO CO., INC. (2802)",Tokyo Stock Exchange,2802.T,3.58,5049.0,,,,JPY,0.2101,JPYTHB=X,300 : 1,300.0,3.5359830000000003,1.2448306453962,5111.851499286054,0.0,Day Session Only,ok,exchange_rule_tokyo,SET official DR market data,https://www.set.or.th/en/market/product/dr/quote/AJINO80/factsheet
HONDA19,Depositary Receipt on HONDA Issued by YUANTA,YUANTA,HONDA,"HONDA MOTOR CO., LTD. (7267)",Tokyo Stock Exchange,7267.T,3.7,1739.5,,,,JPY,0.2101,JPYTHB=X,100 : 1,100.0,3.6546895,1.2397906853646612,1761.066158971918,0.0,Day Session Only,ok,manual_underlying,SET official DR market data,https://www.set.or.th/en/market/product/dr/quote/HONDA19/factsheet
NAURA80,Depositary Receipt on NAURA Issued by KTB,KTB,NAURA,"NAURA TECHNOLOGY GROUP CO., LTD. (002371)",Shenzhen Stock Exchange,002371.SZ,32.25,637.9,,,,CNY,4.9945,CNYTHB=X,100 : 1,100.0,31.859915500000003,1.2243739315629831,645.7102813094403,0.0,Day Session Only,ok,manual_underlying,SET official DR market data,https://www.set.or.th/en/market/product/dr/quote/NAURA80/factsheet
BIDU06,Depositary Receipt on BIDU Issued by KKPS,KKPS,BIDU,"BAIDU, INC. (9888)",The Stock Exchange of Hong Kong Limited,9888.HK,3.7,85.5,,,,HKD,4.2752,HKDTHB=X,100 : 1,100.0,3.6552960000000003,1.2229926112686806,86.54565868263474,0.0,Day Session Only,ok,exchange_rule_hk,SET official DR market data,https://www.set.or.th/en/market/product/dr/quote/BIDU06/factsheet
KOREA01,Depositary Receipt on KOREA ETF Issued by BLS,BLS,KOREA ETF,CSOP KOSPI 200 ETF  (3121),The Stock Exchange of Hong Kong Limited,3121.HK,9.65,6.69,,,,HKD,4.2752,HKDTHB=X,3 : 1,3.0,9.533696,1.2199256196127939,6.771613023952097,0.0,Day Session Only,ok,exchange_rule_hk,SET official DR market data,https://www.set.or.th/en/market/product/dr/quote/KOREA01/factsheet
JAPAN10001,Depositary Receipt on HS JAPAN TPX100 ETF Issued by BLS,BLS,HS JAPAN TPX100 ETF,HANG SENG JAPAN TOPIX 100 INDEX ETF (3410),The Stock Exchange of Hong Kong Limited,3410.HK,31.0,7.34,,,,HKD,4.2752,HKDTHB=X,1 : 1,1.0,31.379967999999998,-1.2108616554357132,7.251122754491018,0.0,Day Session Only,ok,exchange_rule_hk,SET official DR market data,https://www.set.or.th/en/market/product/dr/quote/JAPAN10001/factsheet
BABA19,Depositary Receipt on BABA Issued by YUANTA,YUANTA,BABA,ALIBABA GROUP HOLDING LIMITED (9988),The Stock Exchange of Hong Kong Limited,9988.HK,1.85,106.9,,,,HKD,4.2752,HKDTHB=X,250 : 1,250.0,1.82807552,1.1993202556533245,108.18207335329342,0.0,Day Session Only,ok,manual_underlying,SET official DR market data,https://www.set.or.th/en/market/product/dr/quote/BABA19/factsheet
GOOGL01,Depositary Receipt on GOOGL Issued by BLS,BLS,GOOGL,ALPHABET INC. (GOOGL),The Nasdaq Stock Market,GOOGL,33.5,343.92,344.0,Postmarket,1790380796,USD,33.52,USDTHB=X,340 : 1,340.0,33.90646588235295,-1.1987857530279977,339.7971360381861,-0.740741,Day & Night Session,ok,same_as_set_underlying,SET official DR market data,https://www.set.or.th/en/market/product/dr/quote/GOOGL01/factsheet
WORLDA01,Depositary Receipt on WORLDA ETF Issued by BLS,BLS,WORLDA ETF,INVESCO MSCI WORLD UCITS ETF ACC (SMSWLD),Deutsche Borse,SMSWLD.MI,5.35,138.56,,,,EUR,38.155,EURTHB=X,"1,000 : 1",1000.0,5.2867568,1.1962570322886723,140.21753374393919,0.0,Day & Night Session,ok,manual_underlying,SET official DR market data,https://www.set.or.th/en/market/product/dr/quote/WORLDA01/factsheet
STM03,Depositary Receipt on STM Issued by PI,PI,STM,STMICROELECTRONICS N.V. (STM),The New York Stock Exchange,STM,1.72,51.93,52.04,Postmarket,1790380437,USD,33.52,USDTHB=X,"1,000 : 1",1000.0,1.7406936,-1.1888134706762865,51.3126491646778,-2.272727,Day & Night Session,ok,same_as_set_underlying,SET official DR market data,https://www.set.or.th/en/market/product/dr/quote/STM03/factsheet
CEG23,Depositary Receipt on CEG Issued by INVX,INVX,CEG,CONSTELLATION ENERGY CORPORATION (CEG),The Nasdaq Stock Market,CEG,2.18,263.27,263.3988,Postmarket,1790380786,USD,33.52,USDTHB=X,"4,000 : 1",4000.0,2.2062026,-1.1876787743791084,260.1431980906921,-0.909091,Day & Night Session,ok,same_as_set_underlying,SET official DR market data,https://www.set.or.th/en/market/product/dr/quote/CEG23/factsheet
JPSEMI24,Depositary Receipt on JPSEMI ETF Issued by FSS,FSS,JPSEMI ETF,GLOBAL X JAPAN SEMICONDUCTOR ETF (2644),Tokyo Stock Exchange,2644.T,1.43,4036.0,,,,JPY,0.2101,JPYTHB=X,600 : 1,600.0,1.4132726666666668,1.1835885408288505,4083.769633507853,0.0,Day Session Only,ok,exchange_rule_tokyo,SET official DR market data,https://www.set.or.th/en/market/product/dr/quote/JPSEMI24/factsheet
MICRON19,Depositary Receipt on MICRON Issued by YUANTA,YUANTA,MICRON,"MICRON TECHNOLOGY, INC. (MU)",The Nasdaq Stock Market,MU,23.9,1082.28,1085.02,Postmarket,1790380799,USD,33.52,USDTHB=X,"1,500 : 1",1500.0,24.1853504,-1.1798481116899628,1069.5107398568018,-2.04918,Day & Night Session,ok,same_as_set_underlying,SET official DR market data,https://www.set.or.th/en/market/product/dr/quote/MICRON19/factsheet
INFQ03,Depositary Receipt on INFQ Issued by PI,PI,INFQ,"INFLEQTION, INC. (INFQ)",The New York Stock Exchange,INFQ,2.46,14.51,14.4773,Postmarket,1790380747,USD,33.52,USDTHB=X,200 : 1,200.0,2.4318760000000004,1.156473438612804,14.67780429594272,2.5,Day & Night Session,ok,same_as_set_underlying,SET official DR market data,https://www.set.or.th/en/market/product/dr/quote/INFQ03/factsheet
TER80,Depositary Receipt on TER Issued by KTB,KTB,TER,"TERADYNE, INC. (TER)",The Nasdaq Stock Market,TER,13.2,398.38,399.77,Postmarket,1790380585,USD,33.52,USDTHB=X,"1,000 : 1",1000.0,13.353697600000002,-1.150974094246393,393.79474940334126,-0.75188,Day & Night Session,ok,same_as_set_underlying,SET official DR market data,https://www.set.or.th/en/market/product/dr/quote/TER80/factsheet
PFIZER19,Depositary Receipt on PFIZER Issued by YUANTA,YUANTA,PFIZER,PFIZER INC. (PFE),The New York Stock Exchange,PFE,19.0,28.67,28.65,Postmarket,1790380616,USD,33.52,USDTHB=X,50 : 1,50.0,19.220368000000004,-1.146533718813314,28.341288782816225,-0.52356,Day & Night Session,ok,same_as_set_underlying,SET official DR market data,https://www.set.or.th/en/market/product/dr/quote/PFIZER19/factsheet
HERMES80,Depositary Receipt on HERMES Issued by KTB,KTB,HERMES,HERMES INTERNATIONAL SCA (RMS),Euronext Paris,RMS.PA,5.2,1347.5,,,,EUR,38.155,EURTHB=X,"10,000 : 1",10000.0,5.14138625,1.1400378643016795,1362.862010221465,0.0,Day & Night Session,ok,manual_underlying,SET official DR market data,https://www.set.or.th/en/market/product/dr/quote/HERMES80/factsheet
APLD03,Depositary Receipt on APLD Issued by PI,PI,APLD,APPLIED DIGITAL CORPORATION (APLD),The Nasdaq Stock Market,APLD,2.9,26.25,26.35,Postmarket,1790380790,USD,33.52,USDTHB=X,300 : 1,300.0,2.9330000000000003,-1.125127855438135,25.95465393794749,-5.228758,Day & Night Session,ok,same_as_set_underlying,SET official DR market data,https://www.set.or.th/en/market/product/dr/quote/APLD03/factsheet
MAOGEP80,Depositary Receipt on MAOGEP Issued by KTB,KTB,MAOGEP,"MAO GEPING COSMETICS CO., LTD. (1318)",The Stock Exchange of Hong Kong Limited,1318.HK,1.86,44.0,,,,HKD,4.2752,HKDTHB=X,100 : 1,100.0,1.881088,-1.1210533478497542,43.506736526946106,0.0,Day Session Only,ok,exchange_rule_hk,SET official DR market data,https://www.set.or.th/en/market/product/dr/quote/MAOGEP80/factsheet
BIDU23,Depositary Receipt on BIDU Issued by INVX,INVX,BIDU,"BAIDU, INC. (9888)",The Stock Exchange of Hong Kong Limited,9888.HK,1.76,85.5,,,,HKD,4.2752,HKDTHB=X,210 : 1,210.0,1.7406171428571429,1.11356234898623,86.45209580838323,0.0,Day Session Only,ok,exchange_rule_hk,SET official DR market data,https://www.set.or.th/en/market/product/dr/quote/BIDU23/factsheet
OIL03,Depositary Receipt on S&P CRUDE OIL(HK)ETF Issued by PI,PI,S&P CRUDE OIL(HK)ETF,GLOBAL X S&P CRUDE OIL FUTURES ENHANCED ER ETF (3097),The Stock Exchange of Hong Kong Limited,3097.HK,4.12,9.745,,,,HKD,4.2752,HKDTHB=X,10 : 1,10.0,4.166182399999999,-1.1085064350518925,9.636976047904193,0.0,Day Session Only,ok,exchange_rule_hk,SET official DR market data,https://www.set.or.th/en/market/product/dr/quote/OIL03/factsheet
CATL80,Depositary Receipt on CATL Issued by KTB,KTB,CATL,"CONTEMPORARY AMPEREX TECHNOLOGY CO., LIMITED (3750)",The Stock Exchange of Hong Kong Limited,3750.HK,20.8,481.2,,,,HKD,4.2752,HKDTHB=X,100 : 1,100.0,20.5722624,1.1070129068546208,486.52694610778445,0.0,Day Session Only,ok,manual_underlying,SET official DR market data,https://www.set.or.th/en/market/product/dr/quote/CATL80/factsheet
BABA06,Depositary Receipt on BABA Issued by KKPS,KKPS,BABA,ALIBABA GROUP HOLDING LIMITED (9988),The Stock Exchange of Hong Kong Limited,9988.HK,4.62,106.9,,,,HKD,4.2752,HKDTHB=X,100 : 1,100.0,4.5701888,1.089915585106671,108.06511976047905,0.0,Day Session Only,ok,manual_underlying,SET official DR market data,https://www.set.or.th/en/market/product/dr/quote/BABA06/factsheet
SCREEN23,Depositary Receipt on SCREEN Issued by INVX,INVX,SCREEN,"SCREEN HOLDINGS CO., LTD. (7735)",Tokyo Stock Exchange,7735.T,3.0,14125.0,,,,JPY,0.2101,JPYTHB=X,"1,000 : 1",1000.0,2.9676625,1.0896623184071696,14278.914802475012,0.0,Day Session Only,ok,exchange_rule_tokyo,SET official DR market data,https://www.set.or.th/en/market/product/dr/quote/SCREEN23/factsheet
EXPE06,Depositary Receipt on EXPE Issued by KKPS,KKPS,EXPE,"EXPEDIA GROUP, INC. (EXPE)",The Nasdaq Stock Market,EXPE,3.58,264.17,265.0,Postmarket,1790379006,USD,33.52,USDTHB=X,"2,500 : 1",2500.0,3.541991360000001,1.073086750838348,267.00477326968974,1.704545,Day & Night Session,ok,same_as_set_underlying,SET official DR market data,https://www.set.or.th/en/market/product/dr/quote/EXPE06/factsheet
DISNEY19,Depositary Receipt on DISNEY Issued by YUANTA,YUANTA,DISNEY,THE WALT DISNEY COMPANY (DIS),The New York Stock Exchange,DIS,17.6,106.15,105.5341,Postmarket,1790380296,USD,33.52,USDTHB=X,200 : 1,200.0,17.790740000000003,-1.0721307826431103,105.01193317422435,0.571429,Day & Night Session,ok,same_as_set_underlying,SET official DR market data,https://www.set.or.th/en/market/product/dr/quote/DISNEY19/factsheet
COSTCO80,Depositary Receipt on COSTCO Issued by KTB,KTB,COSTCO,COSTCO WHOLESALE CORPORATION (COST),The Nasdaq Stock Market,COST,3.06,922.765,922.5,Postmarket,1790380766,USD,33.52,USDTHB=X,"10,000 : 1",10000.0,3.0931082800000005,-1.0703886512502092,912.887828162291,1.324503,Day & Night Session,ok,same_as_set_underlying,SET official DR market data,https://www.set.or.th/en/market/product/dr/quote/COSTCO80/factsheet
XIAOMI23,Depositary Receipt on XIAOMI Issued by INVX,INVX,XIAOMI,XIAOMI CORPORATION (1810),The Stock Exchange of Hong Kong Limited,1810.HK,1.34,25.74,,,,HKD,4.2752,HKDTHB=X,83 : 1,83.0,1.3258270843373492,1.0689867351544313,26.015157185628745,0.0,Day Session Only,ok,manual_underlying,SET official DR market data,https://www.set.or.th/en/market/product/dr/quote/XIAOMI23/factsheet
VRT80,Depositary Receipt on VRT Issued by KTB,KTB,VRT,VERTIV HOLDINGS CO (VRT),The New York Stock Exchange,VRT,8.4,253.28,253.3005,Postmarket,1790380704,USD,33.52,USDTHB=X,"1,000 : 1",1000.0,8.4899456,-1.0594367059313048,250.59665871121717,-0.591716,Day & Night Session,ok,same_as_set_underlying,SET official DR market data,https://www.set.or.th/en/market/product/dr/quote/VRT80/factsheet
TENCENT01,Depositary Receipt on TENCENT Issued by BLS,BLS,TENCENT,TENCENT HOLDINGS LIMITED (700),The Stock Exchange of Hong Kong Limited,0700.HK,4.24,441.0,,,,HKD,4.2752,HKDTHB=X,440 : 1,440.0,4.284916363636364,-1.048243648756908,436.37724550898207,0.0,Day Session Only,ok,manual_underlying,SET official DR market data,https://www.set.or.th/en/market/product/dr/quote/TENCENT01/factsheet
VHM19,Depositary Receipt on VHM Issued by YUANTA,YUANTA,VHM,VINHOMES JOINT STOCK COMPANY (VHM),Hochiminh Stock Exchange,VHM.VN,8.9,69600.0,,,,VND,0.0012922227146461723,Google Finance THB-VND inverted,10 : 1,10.0,8.993870093937359,-1.0437119166379238,68873.57650602,0.0,Day Session Only,ok,exchange_rule_vietnam,SET official DR market data,https://www.set.or.th/en/market/product/dr/quote/VHM19/factsheet
ISRG19,Depositary Receipt on ISRG Issued by YUANTA,YUANTA,ISRG,INTUITIVE SURGICAL INC. (ISRG),The Nasdaq Stock Market,ISRG,3.36,405.18,405.06,Postmarket,1790380683,USD,33.52,USDTHB=X,"4,000 : 1",4000.0,3.3954084000000004,-1.0428318431444206,400.95465393794746,0.598802,Day & Night Session,ok,same_as_set_underlying,SET official DR market data,https://www.set.or.th/en/market/product/dr/quote/ISRG19/factsheet
MP23,Depositary Receipt on MP Issued by INVX,INVX,MP,MP MATERIALS CORP. (MP),The New York Stock Exchange,MP,5.4,48.83,48.9299,Postmarket,1790380749,USD,33.52,USDTHB=X,300 : 1,300.0,5.4559386666666665,-1.0252803428386414,48.32935560859188,-2.702703,Day & Night Session,ok,same_as_set_underlying,SET official DR market data,https://www.set.or.th/en/market/product/dr/quote/MP23/factsheet
MUFG19,Depositary Receipt on MUFG Issued by YUANTA,YUANTA,MUFG,"MITSUBISHI UFJ FINANCIAL GROUP, INC. (8306)",Tokyo Stock Exchange,8306.T,7.9,3722.0,,,,JPY,0.2101,JPYTHB=X,100 : 1,100.0,7.819922,1.0240255593342296,3760.1142313184196,0.0,Day Session Only,ok,exchange_rule_tokyo,SET official DR market data,https://www.set.or.th/en/market/product/dr/quote/MUFG19/factsheet
CBRS03,Depositary Receipt on CBRS Issued by PI,PI,CBRS,CEREBRAS SYSTEMS INC. (CBRS),The Nasdaq Stock Market,CBRS,1.75,206.75,206.5,Postmarket,1790380735,USD,33.52,USDTHB=X,"4,000 : 1",4000.0,1.7325650000000001,1.0063114515184157,208.8305489260143,-0.568182,Day & Night Session,ok,same_as_set_underlying,SET official DR market data,https://www.set.or.th/en/market/product/dr/quote/CBRS03/factsheet
NINTENDO19,Depositary Receipt on NINTENDO Issued by YUANTA,YUANTA,NINTENDO,"NINTENDO CO.,LTD. (7974)",Tokyo Stock Exchange,7974.T,17.1,8058.0,,,,JPY,0.2101,JPYTHB=X,100 : 1,100.0,16.929858000000003,1.0049818492275486,8138.981437410757,0.0,Day Session Only,ok,manual_underlying,SET official DR market data,https://www.set.or.th/en/market/product/dr/quote/NINTENDO19/factsheet
ETN23,Depositary Receipt on ETN Issued by INVX,INVX,ETN,EATON CORPORATION PLC (ETN),The New York Stock Exchange,ETN,7.3,439.98,439.98,Postmarket,1790371682,USD,33.52,USDTHB=X,"2,000 : 1",2000.0,7.374064800000001,-1.004395838778105,435.5608591885441,-2.666667,Day & Night Session,ok,same_as_set_underlying,SET official DR market data,https://www.set.or.th/en/market/product/dr/quote/ETN23/factsheet
TEL80,Depositary Receipt on TEL Issued by KTB,KTB,TEL,TOKYO ELECTRON LTD. (8035),Tokyo Stock Exchange,8035.T,12.0,56550.0,,,,JPY,0.2101,JPYTHB=X,"1,000 : 1",1000.0,11.881155000000001,1.0002815382847752,57115.65920990005,0.0,Day Session Only,ok,manual_underlying,SET official DR market data,https://www.set.or.th/en/market/product/dr/quote/TEL80/factsheet
RGTI03,Depositary Receipt on RGTI Issued by PI,PI,RGTI,"RIGETTI COMPUTING, INC (RGTI)",The Nasdaq Stock Market,RGTI,2.82,16.66,16.69,Postmarket,1790380781,USD,33.52,USDTHB=X,200 : 1,200.0,2.7922160000000003,0.9950519587309747,16.82577565632458,1.438849,Day & Night Session,ok,same_as_set_underlying,SET official DR market data,https://www.set.or.th/en/market/product/dr/quote/RGTI03/factsheet
AMGN06,Depositary Receipt on AMGN Issued by KKPS,KKPS,AMGN,AMGEN INC. (AMGN),The Nasdaq Stock Market,AMGN,3.44,414.61,414.8,Postmarket,1790380421,USD,33.52,USDTHB=X,"4,000 : 1",4000.0,3.4744318000000005,-0.9910052055130403,410.5011933174224,0.584795,Day & Night Session,ok,same_as_set_underlying,SET official DR market data,https://www.set.or.th/en/market/product/dr/quote/AMGN06/factsheet
NVDA06,Depositary Receipt on NVDA Issued by KKPS,KKPS,NVDA,NVIDIA CORPORATION (NVDA),The Nasdaq Global Select Market,NVDA,4.98,225.07,225.0,Postmarket,1790380795,USD,33.52,USDTHB=X,"1,500 : 1",1500.0,5.029564266666667,-0.9854584619815476,222.85202863961814,-0.4,Day & Night Session,ok,same_as_set_underlying,SET official DR market data,https://www.set.or.th/en/market/product/dr/quote/NVDA06/factsheet
RBLX06,Depositary Receipt on RBLX Issued by KKPS,KKPS,RBLX,ROBLOX CORPORATION (RBLX),The New York Stock Exchange,RBLX,1.31,46.44,46.5,Postmarket,1790380758,USD,33.52,USDTHB=X,"1,200 : 1",1200.0,1.2972240000000002,0.9848723119522784,46.89737470167064,-4.379562,Day & Night Session,ok,same_as_set_underlying,SET official DR market data,https://www.set.or.th/en/market/product/dr/quote/RBLX06/factsheet
PLTR03,Depositary Receipt on PLTR Issued by PI,PI,PLTR,PALANTIR TECHNOLOGIES INC. (PLTR),The Nasdaq Stock Market,PLTR,4.28,189.67,189.6531,Postmarket,1790380799,USD,33.52,USDTHB=X,"1,500 : 1",1500.0,4.2384922666666665,0.9793042129572438,191.52744630071598,0.0,Day & Night Session,ok,same_as_set_underlying,SET official DR market data,https://www.set.or.th/en/market/product/dr/quote/PLTR03/factsheet
MIXUE80,Depositary Receipt on MIXUE Issued by KTB,KTB,MIXUE,MIXUE GROUP (2097),The Stock Exchange of Hong Kong Limited,2097.HK,7.95,184.2,,,,HKD,4.2752,HKDTHB=X,100 : 1,100.0,7.874918399999999,0.9534270221771557,185.9562125748503,0.0,Day Session Only,ok,exchange_rule_hk,SET official DR market data,https://www.set.or.th/en/market/product/dr/quote/MIXUE80/factsheet
AAPL19,Depositary Receipt on AAPL Issued by YUANTA,YUANTA,AAPL,APPLE INC. (AAPL),The Nasdaq Global Select Market,AAPL,7.55,341.07,341.4603,Postmarket,1790380798,USD,33.52,USDTHB=X,"1,500 : 1",1500.0,7.6217776,-0.9417435638636285,337.8579952267303,0.666667,Day & Night Session,ok,same_as_set_underlying,SET official DR market data,https://www.set.or.th/en/market/product/dr/quote/AAPL19/factsheet
SOFTBANK80,Depositary Receipt on SOFTBANK Issued by KTB,KTB,SOFTBANK,SOFTBANK GROUP CORP. (9984),Tokyo Stock Exchange,9984.T,13.1,6294.0,,,,JPY,0.2101,JPYTHB=X,100 : 1,100.0,13.223694,-0.9353967204625335,6235.126130414088,0.0,Day Session Only,ok,manual_underlying,SET official DR market data,https://www.set.or.th/en/market/product/dr/quote/SOFTBANK80/factsheet
CMBANK23,Depositary Receipt on CMBANK Issued by INVX,INVX,CMBANK,"CHINA MERCHANTS BANK CO., LTD. (H SHARES) (3968)",The Stock Exchange of Hong Kong Limited,3968.HK,2.4,51.0,,,,HKD,4.2752,HKDTHB=X,90 : 1,90.0,2.4226133333333335,-0.9334272631208229,50.52395209580838,0.0,Day Session Only,ok,manual_underlying,SET official DR market data,https://www.set.or.th/en/market/product/dr/quote/CMBANK23/factsheet
KUAISH23,Depositary Receipt on KUAISH Issued by INVX,INVX,KUAISH,KUAISHOU TECHNOLOGY (1024),The Stock Exchange of Hong Kong Limited,1024.HK,0.91,30.08,,,,HKD,4.2752,HKDTHB=X,140 : 1,140.0,0.9185572571428572,-0.9315975761243434,29.799775449101798,0.0,Day Session Only,ok,exchange_rule_hk,SET official DR market data,https://www.set.or.th/en/market/product/dr/quote/KUAISH23/factsheet
ASEMI24,Depositary Receipt on ASEMI ETF Issued by FSS,FSS,ASEMI ETF,GLOBAL X ASIA SEMICONDUCTOR ETF (3119),The Stock Exchange of Hong Kong Limited,3119.HK,3.94,182.65,,,,HKD,4.2752,HKDTHB=X,200 : 1,200.0,3.9043264,0.9136941009850075,184.3188622754491,0.0,Day Session Only,ok,exchange_rule_hk,SET official DR market data,https://www.set.or.th/en/market/product/dr/quote/ASEMI24/factsheet
FERRARI80,Depositary Receipt on FERRARI Issued by KTB,KTB,FERRARI,FERRARI N.V. (RACE),Euronext Milan,RACE.MI,1.35,357.05,,,,EUR,38.155,EURTHB=X,"10,000 : 1",10000.0,1.3623242750000002,-0.9046506199854698,353.8199449613419,-0.735294,Day & Night Session,ok,manual_underlying,SET official DR market data,https://www.set.or.th/en/market/product/dr/quote/FERRARI80/factsheet
DEYE80,Depositary Receipt on DEYE Issued by KTB,KTB,DEYE,"NINGBO DEYE TECHNOLOGY GROUP CO., LTD. (605117)",Shanghai Stock Exchange,605117.SS,3.22,78.07,,,,CNY,4.9945,CNYTHB=X,120 : 1,120.0,3.2493384583333333,-0.9029055824606669,77.36510161177296,0.0,Day Session Only,ok,exchange_rule_shanghai,SET official DR market data,https://www.set.or.th/en/market/product/dr/quote/DEYE80/factsheet
DBO80,Depositary Receipt on INVESCO DB OIL ETF Issued by KTB,KTB,INVESCO DB OIL ETF,INVESCO DB OIL FUND (DBO),The New York Stock Exchange Archipelago,DBO,8.05,24.23,24.23,Postmarket,1790366400,USD,33.52,USDTHB=X,100 : 1,100.0,8.121896,-0.8852120243844408,24.015513126491648,-4.166667,Day & Night Session,ok,same_as_set_underlying,SET official DR market data,https://www.set.or.th/en/market/product/dr/quote/DBO80/factsheet
DUOL06,Depositary Receipt on DUOL Issued by KKPS,KKPS,DUOL,"DUOLINGO, INC. (DUOL)",The Nasdaq Stock Market,DUOL,2.98,143.51,143.9799,Postmarket,1790380371,USD,33.52,USDTHB=X,"1,600 : 1",1600.0,3.0065345000000003,-0.8825609684505631,142.2434367541766,-3.870968,Day & Night Session,ok,same_as_set_underlying,SET official DR market data,https://www.set.or.th/en/market/product/dr/quote/DUOL06/factsheet
SPACEX80,Depositary Receipt on SPACEX Issued by KTB,KTB,SPACEX,SPACE EXPLORATION TECHNOLOGIES CORP. (SPCX),The Nasdaq Stock Market,SPCX,4.94,148.68,148.78,Postmarket,1790380793,USD,33.52,USDTHB=X,"1,000 : 1",1000.0,4.983753600000001,-0.8779246229187687,147.37470167064438,-0.403226,Day & Night Session,ok,same_as_set_underlying,SET official DR market data,https://www.set.or.th/en/market/product/dr/quote/SPACEX80/factsheet
OKLO23,Depositary Receipt on OKLO Issued by INVX,INVX,OKLO,OKLO INC. (OKLO),The New York Stock Exchange,OKLO,3.16,38.04,38.0793,Postmarket,1790380785,USD,33.52,USDTHB=X,400 : 1,400.0,3.1877520000000006,-0.8705821531913571,37.70883054892601,-3.067485,Day & Night Session,ok,same_as_set_underlying,SET official DR market data,https://www.set.or.th/en/market/product/dr/quote/OKLO23/factsheet
XIAOMI19,Depositary Receipt on XIAOMI Issued by YUANTA,YUANTA,XIAOMI,XIAOMI CORPORATION (1810),The Stock Exchange of Hong Kong Limited,1810.HK,5.55,25.74,,,,HKD,4.2752,HKDTHB=X,20 : 1,20.0,5.5021824,0.8690660636768488,25.96369760479042,0.0,Day Session Only,ok,manual_underlying,SET official DR market data,https://www.set.or.th/en/market/product/dr/quote/XIAOMI19/factsheet
XIAOMI80,Depositary Receipt on XIAOMI Issued by KTB,KTB,XIAOMI,XIAOMI CORPORATION (1810),The Stock Exchange of Hong Kong Limited,1810.HK,11.1,25.74,,,,HKD,4.2752,HKDTHB=X,10 : 1,10.0,11.0043648,0.8690660636768488,25.96369760479042,0.0,Day Session Only,ok,manual_underlying,SET official DR market data,https://www.set.or.th/en/market/product/dr/quote/XIAOMI80/factsheet
AJINO23,Depositary Receipt on AJINO Issued by INVX,INVX,AJINO,"AJINOMOTO CO., INC. (2802)",Tokyo Stock Exchange,2802.T,2.14,5049.0,,,,JPY,0.2101,JPYTHB=X,500 : 1,500.0,2.1215898,0.8677549260464934,5092.812946216088,0.0,Day Session Only,ok,exchange_rule_tokyo,SET official DR market data,https://www.set.or.th/en/market/product/dr/quote/AJINO23/factsheet
BYDCOM01,Depositary Receipt on BYDCOM Issued by BLS,BLS,BYDCOM,BYD COMPANY LIMITED (H SHARES)(1211),The Stock Exchange of Hong Kong Limited,1211.HK,0.76,78.9,,,,HKD,4.2752,HKDTHB=X,440 : 1,440.0,0.7666210909090909,-0.8636718957522271,78.21856287425149,0.0,Day Session Only,ok,manual_underlying,SET official DR market data,https://www.set.or.th/en/market/product/dr/quote/BYDCOM01/factsheet
WORLD03,Depositary Receipt on GLOBALX INBLU(HK)ETF Issued by PI,PI,GLOBALX INBLU(HK)ETF,GLOBAL X INNOVATIVE BLUECHIP TOP 10 ETF (3422),The Stock Exchange of Hong Kong Limited,3422.HK,4.48,105.7,,,,HKD,4.2752,HKDTHB=X,100 : 1,100.0,4.5188864,-0.8605305944402564,104.79041916167667,0.0,Day Session Only,ok,exchange_rule_hk,SET official DR market data,https://www.set.or.th/en/market/product/dr/quote/WORLD03/factsheet
EOSE23,Depositary Receipt on EOSE Issued by INVX,INVX,EOSE,"EOS ENERGY ENTERPRISES, INC., CLASS A (EOSE)",The Nasdaq Stock Market,EOSE,2.14,3.165,3.22,Postmarket,1790380795,USD,33.52,USDTHB=X,50 : 1,50.0,2.1218160000000004,0.8570017381337447,3.1921241050119327,-5.309735,Day & Night Session,ok,same_as_set_underlying,SET official DR market data,https://www.set.or.th/en/market/product/dr/quote/EOSE23/factsheet
DBS19,Depositary Receipt on DBS Issued by YUANTA,YUANTA,DBS,DBS GROUP HOLDING LTD (D05),Singapore Exchange,D05.SI,20.4,78.42,,,,SGD,26.2379,SGDTHB=X,100 : 1,100.0,20.57576118,-0.8542147163471459,77.75012481944057,0.0,Day Session Only,ok,manual_underlying,SET official DR market data,https://www.set.or.th/en/market/product/dr/quote/DBS19/factsheet
SOXX23,Depositary Receipt on SOXX ETF Issued by INVX,INVX,SOXX ETF,ISHARES SEMICONDUCTOR ETF (SOXX ) (SOXX),The Nasdaq Stock Market,SOXX,12.1,572.68,573.138,Postmarket,1790380793,USD,33.52,USDTHB=X,"1,600 : 1",1600.0,11.997646,0.8531173531874492,577.5656324582338,0.0,Day & Night Session,ok,same_as_set_underlying,SET official DR market data,https://www.set.or.th/en/market/product/dr/quote/SOXX23/factsheet
NVDA01,Depositary Receipt on NVDA Issued by BLS,BLS,NVDA,NVIDIA CORPORATION (NVDA),The Nasdaq Global Select Market,NVDA,22.0,225.07,225.0,Postmarket,1790380795,USD,33.52,USDTHB=X,340 : 1,340.0,22.18925411764706,-0.8529088749159253,223.1503579952267,-0.452489,Day & Night Session,ok,same_as_set_underlying,SET official DR market data,https://www.set.or.th/en/market/product/dr/quote/NVDA01/factsheet
AIA06,Depositary Receipt on AIA Issued by KKPS,KKPS,AIA,AIA GROUP LIMITED (1299),The Stock Exchange of Hong Kong Limited,1299.HK,3.16,74.55,,,,HKD,4.2752,HKDTHB=X,100 : 1,100.0,3.1871616,-0.8522191030413961,73.91467065868264,0.0,Day Session Only,ok,manual_underlying,SET official DR market data,https://www.set.or.th/en/market/product/dr/quote/AIA06/factsheet
BRKB23,Depositary Receipt on BRKB Issued by INVX,INVX,BRKB,BERKSHIRE HATHAWAY INC. (BRK.B),The New York Stock Exchange,BRK-B,5.6,505.48,505.5583,Postmarket,1790380581,USD,33.52,USDTHB=X,"3,000 : 1",3000.0,5.647896533333334,-0.8480419754620883,501.19331742243435,-1.754386,Day & Night Session,ok,manual_underlying,SET official DR market data,https://www.set.or.th/en/market/product/dr/quote/BRKB23/factsheet
JDHEAL19,Depositary Receipt on JDHEAL Issued by YUANTA,YUANTA,JDHEAL,JD HEALTH INTERNATIONAL INC. (6618),The Stock Exchange of Hong Kong Limited,6618.HK,3.0,35.38,,,,HKD,4.2752,HKDTHB=X,50 : 1,50.0,3.02513152,-0.830757930154391,35.086077844311376,0.0,Day Session Only,ok,exchange_rule_hk,SET official DR market data,https://www.set.or.th/en/market/product/dr/quote/JDHEAL19/factsheet
ASTS01,Depositary Receipt on ASTS Issued by BLS,BLS,ASTS,"AST SPACEMOBILE, INC., CLASS A (ASTS)",The Nasdaq Stock Market,ASTS,2.74,61.81,61.8101,Postmarket,1790380796,USD,33.52,USDTHB=X,750 : 1,750.0,2.7624949333333335,-0.8142977227541981,61.306682577565624,-0.724638,Day & Night Session,ok,same_as_set_underlying,SET official DR market data,https://www.set.or.th/en/market/product/dr/quote/ASTS01/factsheet
AMAT23,Depositary Receipt on AMAT Issued by INVX,INVX,AMAT,"APPLIED MATERIALS, INC. (AMAT)",The Nasdaq Stock Market,AMAT,6.45,485.0,485.8507,Postmarket,1790380799,USD,33.52,USDTHB=X,"2,500 : 1",2500.0,6.50288,-0.8131781610609456,481.05608591885436,-0.769231,Day & Night Session,ok,same_as_set_underlying,SET official DR market data,https://www.set.or.th/en/market/product/dr/quote/AMAT23/factsheet
MOUTAI80,Depositary Receipt on MOUTAI Issued by KTB,KTB,MOUTAI,"KWEICHOW MOUTAI CO., LTD. (600519)",Shanghai Stock Exchange,600519.SS,6.2,1231.37,,,,CNY,4.9945,CNYTHB=X,"1,000 : 1",1000.0,6.150077465000001,0.8117383119823796,1241.3655020522574,0.0,Day Session Only,ok,exchange_rule_shanghai,SET official DR market data,https://www.set.or.th/en/market/product/dr/quote/MOUTAI80/factsheet
MRVL06,Depositary Receipt on MRVL Issued by KKPS,KKPS,MRVL,"MARVELL TECHNOLOGY, INC. (MRVL)",The Nasdaq Stock Market,MRVL,8.85,261.935,262.5267,Postmarket,1790380781,USD,33.52,USDTHB=X,"1,000 : 1",1000.0,8.7800612,0.7965639237229816,264.0214797136038,0.0,Day & Night Session,ok,same_as_set_underlying,SET official DR market data,https://www.set.or.th/en/market/product/dr/quote/MRVL06/factsheet
SMR03,Depositary Receipt on SMR Issued by PI,PI,SMR,NUSCALE POWER CORPORATION (SMR),The New York Stock Exchange,SMR,1.4,8.42,8.4269,Postmarket,1790380759,USD,33.52,USDTHB=X,200 : 1,200.0,1.411192,-0.7930883961927315,8.353221957040573,-2.777778,Day & Night Session,ok,same_as_set_underlying,SET official DR market data,https://www.set.or.th/en/market/product/dr/quote/SMR03/factsheet
SPOT06,Depositary Receipt on SPOT Issued by KKPS,KKPS,SPOT,SPOTIFY TECHNOLOGY SA. (SPOT),The New York Stock Exchange,SPOT,2.12,510.01,509.0,Postmarket,1790374034,USD,33.52,USDTHB=X,"8,000 : 1",8000.0,2.1369419,-0.7928105111327577,505.9665871121718,0.0,Day & Night Session,ok,same_as_set_underlying,SET official DR market data,https://www.set.or.th/en/market/product/dr/quote/SPOT06/factsheet
FPTVN11,Depositary Receipt on FPTVN Issued by KS,KS,FPTVN,FPT CORPORATION (FPT),Hochiminh Stock Exchange,FPT.VN,1.68,64500.0,,,,VND,0.0012922227146461723,Google Finance THB-VND inverted,50 : 1,50.0,1.6669673018935622,0.7818208606511723,65004.27445512,0.0,Day Session Only,ok,exchange_rule_vietnam,SET official DR market data,https://www.set.or.th/en/market/product/dr/quote/FPTVN11/factsheet
FPTVN19,Depositary Receipt on FPTVN Issued by YUANTA,YUANTA,FPTVN,FPT CORPORATION (FPT),Hochiminh Stock Exchange,FPT.VN,8.4,64500.0,,,,VND,0.0012922227146461723,Google Finance THB-VND inverted,10 : 1,10.0,8.334836509467811,0.7818208606511723,65004.27445512,0.0,Day Session Only,ok,exchange_rule_vietnam,SET official DR market data,https://www.set.or.th/en/market/product/dr/quote/FPTVN19/factsheet
KLAC23,Depositary Receipt on KLAC Issued by INVX,INVX,KLAC,KLA CORPORATION (KLAC),The Nasdaq Stock Market,KLAC,6.25,187.92,188.21,Postmarket,1790380799,USD,33.52,USDTHB=X,"1,000 : 1",1000.0,6.2990784,-0.7791361987175782,186.45584725536992,-0.793651,Day & Night Session,ok,same_as_set_underlying,SET official DR market data,https://www.set.or.th/en/market/product/dr/quote/KLAC23/factsheet
TSLA23,Depositary Receipt on TSLA Issued by INVX,INVX,TSLA,TESLA INC. (TSLA),The Nasdaq Global Select Market,TSLA,2.38,372.11,372.59,Postmarket,1790380799,USD,33.52,USDTHB=X,"5,200 : 1",5200.0,2.398678307692308,-0.7786916499977758,369.2124105011933,-2.459016,Day & Night Session,ok,same_as_set_underlying,SET official DR market data,https://www.set.or.th/en/market/product/dr/quote/TSLA23/factsheet
VRT01,Depositary Receipt on VRT Issued by BLS,BLS,VRT,VERTIV HOLDINGS CO (VRT),The New York Stock Exchange,VRT,3.24,253.28,253.3005,Postmarket,1790380704,USD,33.52,USDTHB=X,"2,600 : 1",2600.0,3.2653636923076927,-0.7767493822339766,251.3126491646778,0.0,Day & Night Session,ok,same_as_set_underlying,SET official DR market data,https://www.set.or.th/en/market/product/dr/quote/VRT01/factsheet
MICRON80,Depositary Receipt on MICRON Issued by KTB,KTB,MICRON,"MICRON TECHNOLOGY, INC. (MU)",The Nasdaq Stock Market,MU,36.0,1082.28,1085.02,Postmarket,1790380799,USD,33.52,USDTHB=X,"1,000 : 1",1000.0,36.2780256,-0.7663746728267307,1073.9856801909307,-2.040816,Day & Night Session,ok,same_as_set_underlying,SET official DR market data,https://www.set.or.th/en/market/product/dr/quote/MICRON80/factsheet
MSFT01,Depositary Receipt on MSFT Issued by BLS,BLS,MSFT,MICROSOFT CORPORATION (MSFT),The Nasdaq Global Select Market,MSFT,5.05,516.17,517.89,Postmarket,1790380795,USD,33.52,USDTHB=X,"3,400 : 1",3400.0,5.08882894117647,-0.7630231164243773,512.2315035799522,3.483607,Day & Night Session,ok,same_as_set_underlying,SET official DR market data,https://www.set.or.th/en/market/product/dr/quote/MSFT01/factsheet
SANOFI80,Depositary Receipt on SANOFI Issued by KTB,KTB,SANOFI,SANOFI SA (SAN),Euronext Paris,SAN.PA,2.76,71.79,,,,EUR,38.155,EURTHB=X,"1,000 : 1",1000.0,2.7391474500000004,0.7612788424368855,72.33652208098545,0.0,Day & Night Session,ok,manual_underlying,SET official DR market data,https://www.set.or.th/en/market/product/dr/quote/SANOFI80/factsheet
CNBIO24,Depositary Receipt on CNBIO ETF Issued by FSS,FSS,CNBIO ETF,GLOBAL X CHINA BIOTECH ETF (2820),The Stock Exchange of Hong Kong Limited,2820.HK,1.58,74.48,,,,HKD,4.2752,HKDTHB=X,200 : 1,200.0,1.59208448,-0.7590350984389982,73.91467065868264,0.0,Day Session Only,ok,exchange_rule_hk,SET official DR market data,https://www.set.or.th/en/market/product/dr/quote/CNBIO24/factsheet
VDIAMOND11,Depositary Receipt on KIM VN DIAMOND ETF Issued by KS,KS,KIM VN DIAMOND ETF,KIM GROWTH VN DIAMOND ETF (FUEKIVND),Hochiminh Stock Exchange,FUEKIVND.VN,8.0,12290.0,,,,VND,0.0012922227146461723,Google Finance THB-VND inverted,2 : 1,2.0,7.940708581500729,0.746676671114721,12381.76656288,0.0,Day Session Only,ok,exchange_rule_vietnam,SET official DR market data,https://www.set.or.th/en/market/product/dr/quote/VDIAMOND11/factsheet
ONDS03,Depositary Receipt on ONDS Issued by PI,PI,ONDS,ONDAS HOLDINGS INC. (ONDS),The Nasdaq Stock Market,ONDS,2.58,7.64,7.69,Postmarket,1790380753,USD,33.52,USDTHB=X,100 : 1,100.0,2.560928,0.7447300353621733,7.69689737470167,0.78125,Day & Night Session,ok,same_as_set_underlying,SET official DR market data,https://www.set.or.th/en/market/product/dr/quote/ONDS03/factsheet
HSHD23,Depositary Receipt on HSHD ETF Issued by INVX,INVX,HSHD ETF,GLOBAL X HANG SENG HIGH DIVIDEND YIELD ETF (3110),The Stock Exchange of Hong Kong Limited,3110.HK,6.2,29.22,,,,HKD,4.2752,HKDTHB=X,20 : 1,20.0,6.2460672,-0.7375392951263771,29.00449101796407,0.0,Day Session Only,ok,exchange_rule_hk,SET official DR market data,https://www.set.or.th/en/market/product/dr/quote/HSHD23/factsheet
TAIWAN19,Depositary Receipt on YT TAIWAN50 ETF Issued by YUANTA,YUANTA,YT TAIWAN50 ETF,YUANTA/P-SHARES TAIWAN TOP50 ETF (0050),Taiwan Stock Exchange,0050.TW,47.0,112.4,,,,TWD,1.0531,TWDTHB=X,2.5 : 1,2.5,47.347376,-0.7336752938536639,111.57534896970849,0.0,Day Session Only,ok,exchange_rule_taiwan,SET official DR market data,https://www.set.or.th/en/market/product/dr/quote/TAIWAN19/factsheet
SYNP23,Depositary Receipt on SYNP Issued by INVX,INVX,SYNP,"SYNOPSYS, INC. (SNPS)",The Nasdaq Stock Market,SNPS,5.75,425.76,427.04,Postmarket,1790380636,USD,33.52,USDTHB=X,"2,500 : 1",2500.0,5.7085900800000005,0.7253966289343383,428.8484486873508,0.0,Day & Night Session,ok,same_as_set_underlying,SET official DR market data,https://www.set.or.th/en/market/product/dr/quote/SYNP23/factsheet
SUSHI23,Depositary Receipt on SUSHI Issued by INVX,INVX,SUSHI,"FOOD AND LIFE CO., LTD (3563)",Tokyo Stock Exchange,3563.T,3.22,5052.0,,,,JPY,0.2101,JPYTHB=X,332 : 1,332.0,3.1970638554216873,0.7174127767081373,5088.243693479295,0.0,Day Session Only,ok,exchange_rule_tokyo,SET official DR market data,https://www.set.or.th/en/market/product/dr/quote/SUSHI23/factsheet
E1VFVN3001,Depositary Receipt on DCVFMVN30 ETF Issued by BLS,BLS,DCVFMVN30 ETF,DCVFMVN30 ETF,Hochiminh Stock Exchange,E1VFVN30.VN,44.5,34680.0,,,,VND,0.0012922227146461723,Google Finance THB-VND inverted,1 : 1,1.0,44.81428374392925,-0.7013026153114055,34436.78825301,0.0,Day Session Only,ok,manual_dr_symbol,SET official DR market data,https://www.set.or.th/en/market/product/dr/quote/E1VFVN3001/factsheet
DELL80,Depositary Receipt on DELL Issued by KTB,KTB,DELL,DELL TECHNOLOGIES INC. (DELL),The New York Stock Exchange,DELL,3.8,562.89,563.2263,Postmarket,1790380728,USD,33.52,USDTHB=X,"5,000 : 1",5000.0,3.7736145600000004,0.6992086653386131,566.8257756563245,3.825137,Day & Night Session,ok,same_as_set_underlying,SET official DR market data,https://www.set.or.th/en/market/product/dr/quote/DELL80/factsheet
HPG19,Depositary Receipt on HPG Issued by YUANTA,YUANTA,HPG,HOA PHAT GROUP JOINT STOCK COMPANY (HPG),Hochiminh Stock Exchange,HPG.VN,2.7,20750.0,,,,VND,0.0012922227146461723,Google Finance THB-VND inverted,10 : 1,10.0,2.6813621328908073,0.6950895173976068,20894.23107486,0.0,Day Session Only,ok,exchange_rule_vietnam,SET official DR market data,https://www.set.or.th/en/market/product/dr/quote/HPG19/factsheet
BIDU01,Depositary Receipt on BIDU Issued by BLS,BLS,BIDU,"BAIDU, INC. (9888)",The Stock Exchange of Hong Kong Limited,9888.HK,8.25,85.5,,,,HKD,4.2752,HKDTHB=X,44 : 1,44.0,8.307490909090909,-0.6920369786742264,84.90830838323353,0.0,Day Session Only,ok,exchange_rule_hk,SET official DR market data,https://www.set.or.th/en/market/product/dr/quote/BIDU01/factsheet
JCI03,Depositary Receipt on JCI Issued by PI,PI,JCI,JOHNSON CONTROLS INTERNATIONAL PLC (JCI),The New York Stock Exchange,JCI,2.5,150.2,150.2,Postmarket,1790371681,USD,33.52,USDTHB=X,"2,000 : 1",2000.0,2.517352,-0.6892957361544938,149.16467780429593,3.305785,Day & Night Session,ok,same_as_set_underlying,SET official DR market data,https://www.set.or.th/en/market/product/dr/quote/JCI03/factsheet
ABBV80,Depositary Receipt on ABBV Issued by KTB,KTB,ABBV,ABBVIE INC. (ABBV),The New York Stock Exchange,ABBV,8.8,264.34,265.0,Postmarket,1790376560,USD,33.52,USDTHB=X,"1,000 : 1",1000.0,8.860676799999998,-0.6847874193989134,262.5298329355608,-0.564972,Day & Night Session,ok,same_as_set_underlying,SET official DR market data,https://www.set.or.th/en/market/product/dr/quote/ABBV80/factsheet
VRT23,Depositary Receipt on VRT Issued by INVX,INVX,VRT,VERTIV HOLDINGS CO (VRT),The New York Stock Exchange,VRT,2.48,253.28,253.3005,Postmarket,1790380704,USD,33.52,USDTHB=X,"3,400 : 1",3400.0,2.497042823529412,-0.6825202743348746,251.55131264916466,0.0,Day & Night Session,ok,same_as_set_underlying,SET official DR market data,https://www.set.or.th/en/market/product/dr/quote/VRT23/factsheet
LLY80,Depositary Receipt on LLY Issued by KTB,KTB,LLY,ELI LILLY AND COMPANY (LLY),The New York Stock Exchange,LLY,1.97,1183.46,1183.5554,Postmarket,1790379987,USD,33.52,USDTHB=X,"20,000 : 1",20000.0,1.9834789600000005,-0.6795615316232295,1175.4176610978518,-0.505051,Day & Night Session,ok,same_as_set_underlying,SET official DR market data,https://www.set.or.th/en/market/product/dr/quote/LLY80/factsheet
POPMART80,Depositary Receipt on POPMART Issued by KTB,KTB,POPMART,POP MART INTERNATIONAL GROUP LTD. (9992),The Stock Exchange of Hong Kong Limited,9992.HK,6.45,151.9,,,,HKD,4.2752,HKDTHB=X,100 : 1,100.0,6.4940288,-0.6779889858203214,150.87013473053892,0.0,Day Session Only,ok,exchange_rule_hk,SET official DR market data,https://www.set.or.th/en/market/product/dr/quote/POPMART80/factsheet
SPACEX01,Depositary Receipt on SPACEX Issued by BLS,BLS,SPACEX,SPACE EXPLORATION TECHNOLOGIES CORP. (SPCX),The Nasdaq Stock Market,SPCX,3.3,148.68,148.78,Postmarket,1790380793,USD,33.52,USDTHB=X,"1,500 : 1",1500.0,3.3225024000000007,-0.6772726484712499,147.67303102625297,-0.60241,Day & Night Session,ok,same_as_set_underlying,SET official DR market data,https://www.set.or.th/en/market/product/dr/quote/SPACEX01/factsheet
SPACEX06,Depositary Receipt on SPACEX Issued by KKPS,KKPS,SPACEX,SPACE EXPLORATION TECHNOLOGIES CORP. (SPCX),The Nasdaq Stock Market,SPCX,3.3,148.68,148.78,Postmarket,1790380793,USD,33.52,USDTHB=X,"1,500 : 1",1500.0,3.3225024000000007,-0.6772726484712499,147.67303102625297,0.0,Day & Night Session,ok,same_as_set_underlying,SET official DR market data,https://www.set.or.th/en/market/product/dr/quote/SPACEX06/factsheet
BDX06,Depositary Receipt on BDX Issued by KKPS,KKPS,BDX,"BECTON, DICKINSON AND COMPANY (BDX)",The New York Stock Exchange,BDX,2.04,183.82,183.82,Postmarket,1790374317,USD,33.52,USDTHB=X,"3,000 : 1",3000.0,2.0538821333333335,-0.6758972731703672,182.5775656324582,2.0,Day & Night Session,ok,same_as_set_underlying,SET official DR market data,https://www.set.or.th/en/market/product/dr/quote/BDX06/factsheet
INDIA01,Depositary Receipt on CAM MSCIINDIA ETF Issued by BLS,BLS,CAM MSCIINDIA ETF,CHINAAMC MSCI INDIA ETF (3404),The Stock Exchange of Hong Kong Limited,3404.HK,13.1,6.17,,,,HKD,4.2752,HKDTHB=X,2 : 1,2.0,13.188991999999999,-0.6747445142130548,6.128368263473054,0.0,Day Session Only,ok,exchange_rule_hk,SET official DR market data,https://www.set.or.th/en/market/product/dr/quote/INDIA01/factsheet
CRSP03,Depositary Receipt on CRSP Issued by PI,PI,CRSP,CRISPR THERAPEUTICS LTD (CRSP),The Nasdaq Stock Market,CRSP,3.66,54.23,54.99,Postmarket,1790380277,USD,33.52,USDTHB=X,500 : 1,500.0,3.6355792,0.6717169027702585,54.59427207637231,-3.174603,Day & Night Session,ok,same_as_set_underlying,SET official DR market data,https://www.set.or.th/en/market/product/dr/quote/CRSP03/factsheet
SHOP03,Depositary Receipt on SHOP Issued by PI,PI,SHOP,"SHOPIFY, INC. (SHOP)",The Nasdaq Stock Market,SHOP,3.2,142.25,142.2716,Postmarket,1790380759,USD,33.52,USDTHB=X,"1,500 : 1",1500.0,3.1788133333333337,0.6664960928816077,143.19809069212408,-1.840491,Day & Night Session,ok,same_as_set_underlying,SET official DR market data,https://www.set.or.th/en/market/product/dr/quote/SHOP03/factsheet
SHOP06,Depositary Receipt on SHOP Issued by KKPS,KKPS,SHOP,"SHOPIFY, INC. (SHOP)",The Nasdaq Stock Market,SHOP,2.4,142.25,142.2716,Postmarket,1790380759,USD,33.52,USDTHB=X,"2,000 : 1",2000.0,2.38411,0.6664960928816077,143.19809069212408,-2.439024,Day & Night Session,ok,same_as_set_underlying,SET official DR market data,https://www.set.or.th/en/market/product/dr/quote/SHOP06/factsheet
CHHONGQ19,Depositary Receipt on CHHONGQ Issued by YUANTA,YUANTA,CHHONGQ,CHINA HONGQIAO GROUP LTD. (1378),The Stock Exchange of Hong Kong Limited,1378.HK,8.9,20.68,,,,HKD,4.2752,HKDTHB=X,10 : 1,10.0,8.8411136,0.6660518421570893,20.817739520958085,0.0,Day Session Only,ok,exchange_rule_hk,SET official DR market data,https://www.set.or.th/en/market/product/dr/quote/CHHONGQ19/factsheet
AMD03,Depositary Receipt on AMD Issued by PI,PI,AMD,"ADVANCED MICRO DEVICES, INC. (AMD)",The Nasdaq Stock Market,AMD,10.5,630.63,630.99,Postmarket,1790380799,USD,33.52,USDTHB=X,"2,000 : 1",2000.0,10.569358800000002,-0.6562252385641565,626.4916467780429,-2.777778,Day & Night Session,ok,same_as_set_underlying,SET official DR market data,https://www.set.or.th/en/market/product/dr/quote/AMD03/factsheet
AMD23,Depositary Receipt on AMD Issued by INVX,INVX,AMD,"ADVANCED MICRO DEVICES, INC. (AMD)",The Nasdaq Stock Market,AMD,8.75,630.63,630.99,Postmarket,1790380799,USD,33.52,USDTHB=X,"2,400 : 1",2400.0,8.807799000000001,-0.6562252385641565,626.4916467780429,-1.685393,Day & Night Session,ok,same_as_set_underlying,SET official DR market data,https://www.set.or.th/en/market/product/dr/quote/AMD23/factsheet
AMD80,Depositary Receipt on AMD Issued by KTB,KTB,AMD,"ADVANCED MICRO DEVICES, INC. (AMD)",The Nasdaq Stock Market,AMD,4.2,630.63,630.99,Postmarket,1790380799,USD,33.52,USDTHB=X,"5,000 : 1",5000.0,4.227743520000001,-0.6562252385641565,626.4916467780429,-2.777778,Day & Night Session,ok,same_as_set_underlying,SET official DR market data,https://www.set.or.th/en/market/product/dr/quote/AMD80/factsheet
BABA11,Depositary Receipt on BABA Issued by KS,KS,BABA,ALIBABA GROUP HOLDING LIMITED (9988),The Stock Exchange of Hong Kong Limited,9988.HK,4.6,106.9,,,,HKD,4.2752,HKDTHB=X,100 : 1,100.0,4.5701888,0.6522969029200576,107.59730538922155,0.0,Day Session Only,ok,manual_underlying,SET official DR market data,https://www.set.or.th/en/market/product/dr/quote/BABA11/factsheet
BABA80,Depositary Receipt on BABA Issued by KTB,KTB,BABA,ALIBABA GROUP HOLDING LIMITED (9988),The Stock Exchange of Hong Kong Limited,9988.HK,4.6,106.9,,,,HKD,4.2752,HKDTHB=X,100 : 1,100.0,4.5701888,0.6522969029200576,107.59730538922155,0.0,Day Session Only,ok,manual_underlying,SET official DR market data,https://www.set.or.th/en/market/product/dr/quote/BABA80/factsheet
CAT80,Depositary Receipt on CAT Issued by KTB,KTB,CAT,CATERPILLAR INC. (CAT),The New York Stock Exchange,CAT,3.04,821.58,821.1802,Postmarket,1790380687,USD,33.52,USDTHB=X,"9,000 : 1",9000.0,3.059929066666667,-0.6512917859359701,816.2291169451073,0.662252,Day & Night Session,ok,same_as_set_underlying,SET official DR market data,https://www.set.or.th/en/market/product/dr/quote/CAT80/factsheet
META23,Depositary Receipt on META Issued by INVX,INVX,META,"META PLATFORMS, INC. (META)",The Nasdaq Stock Market,META,2.98,751.66,747.82,Postmarket,1790380799,USD,33.52,USDTHB=X,"8,400 : 1",8400.0,2.9994813333333337,-0.6494900673938875,746.7780429594271,-3.870968,Day & Night Session,ok,same_as_set_underlying,SET official DR market data,https://www.set.or.th/en/market/product/dr/quote/META23/factsheet
DISCO24,Depositary Receipt on DISCO Issued by FSS,FSS,DISCO,DISCO CORPORATION (6146),Tokyo Stock Exchange,6146.T,0.8,54860.0,,,,JPY,0.2101,JPYTHB=X,"14,500 : 1",14500.0,0.7949024827586207,0.6412757982197981,55211.803902903375,0.0,Day Session Only,ok,manual_underlying,SET official DR market data,https://www.set.or.th/en/market/product/dr/quote/DISCO24/factsheet
DISCO80,Depositary Receipt on DISCO Issued by KTB,KTB,DISCO,DISCO CORPORATION (6146),Tokyo Stock Exchange,6146.T,11.6,54860.0,,,,JPY,0.2101,JPYTHB=X,"1,000 : 1",1000.0,11.526086000000001,0.6412757982197759,55211.803902903375,0.0,Day Session Only,ok,manual_underlying,SET official DR market data,https://www.set.or.th/en/market/product/dr/quote/DISCO80/factsheet
OIL24,Depositary Receipt on S&P CRUDE OIL(HK)ETF Issued by FSS,FSS,S&P CRUDE OIL(HK)ETF,GLOBAL X S&P CRUDE OIL FUTURES ENHANCED ER ETF (3097),The Stock Exchange of Hong Kong Limited,3097.HK,20.7,9.745,,,,HKD,4.2752,HKDTHB=X,2 : 1,2.0,20.830911999999998,-0.6284506410472956,9.68375748502994,0.0,Day Session Only,ok,exchange_rule_hk,SET official DR market data,https://www.set.or.th/en/market/product/dr/quote/OIL24/factsheet
HIMS03,Depositary Receipt on HIMS Issued by PI,PI,HIMS,"HIMS & HERS HEALTH, INC., CLASS A (HIMS)",The New York Stock Exchange,HIMS,4.9,29.42,29.3408,Postmarket,1790380677,USD,33.52,USDTHB=X,200 : 1,200.0,4.930792,-0.6244838557375787,29.236276849642007,-0.406504,Day & Night Session,ok,same_as_set_underlying,SET official DR market data,https://www.set.or.th/en/market/product/dr/quote/HIMS03/factsheet
LRCX80,Depositary Receipt on LRCX Issued by KTB,KTB,LRCX,LAM RESEARCH CORPORATION (LRCX),The Nasdaq Stock Market,LRCX,10.5,315.21,315.65,Postmarket,1790380781,USD,33.52,USDTHB=X,"1,000 : 1",1000.0,10.565839200000001,-0.6231327086636096,313.24582338902144,0.0,Day & Night Session,ok,same_as_set_underlying,SET official DR market data,https://www.set.or.th/en/market/product/dr/quote/LRCX80/factsheet
GOOGL03,Depositary Receipt on GOOGL Issued by PI,PI,GOOGL,ALPHABET INC. (GOOGL),The Nasdaq Stock Market,GOOGL,5.8,343.92,344.0,Postmarket,1790380796,USD,33.52,USDTHB=X,"2,000 : 1",2000.0,5.7640992,0.6228345272059066,346.06205250596656,0.869565,Day & Night Session,ok,same_as_set_underlying,SET official DR market data,https://www.set.or.th/en/market/product/dr/quote/GOOGL03/factsheet
GEV23,Depositary Receipt on GEV Issued by INVX,INVX,GEV,GE VERNOVA INC (GEV),The New York Stock Exchange,GEV,2.9,957.63,956.72,Postmarket,1790378752,USD,33.52,USDTHB=X,"11,000 : 1",11000.0,2.9181597818181824,-0.6223025185710607,951.670644391408,-1.360544,Day & Night Session,ok,same_as_set_underlying,SET official DR market data,https://www.set.or.th/en/market/product/dr/quote/GEV23/factsheet
USAR03,Depositary Receipt on USAR Issued by PI,PI,USAR,USA RARE EARTH LLC (USAR),The Nasdaq Stock Market,USAR,1.28,15.18,15.19,Postmarket,1790380771,USD,33.52,USDTHB=X,400 : 1,400.0,1.2720840000000002,0.6222859496699762,15.274463007159904,-3.030303,Day & Night Session,ok,same_as_set_underlying,SET official DR market data,https://www.set.or.th/en/market/product/dr/quote/USAR03/factsheet
SBUX80,Depositary Receipt on SBUX Issued by KTB,KTB,SBUX,STARBUCKS CORPORATION (SBUX),The Nasdaq Stock Market,SBUX,1.58,94.86,94.6,Postmarket,1790380773,USD,33.52,USDTHB=X,"2,000 : 1",2000.0,1.5898536,-0.6197803370071364,94.27207637231503,0.636943,Day & Night Session,ok,same_as_set_underlying,SET official DR market data,https://www.set.or.th/en/market/product/dr/quote/SBUX80/factsheet
JD80,Depositary Receipt on JD Issued by KTB,KTB,JD,"JD.COM, INC. (9618)",The Stock Exchange of Hong Kong Limited,9618.HK,4.44,104.5,,,,HKD,4.2752,HKDTHB=X,100 : 1,100.0,4.4675839999999996,-0.6174254362089071,103.85479041916169,0.0,Day Session Only,ok,exchange_rule_hk,SET official DR market data,https://www.set.or.th/en/market/product/dr/quote/JD80/factsheet
SNOW23,Depositary Receipt on SNOW Issued by INVX,INVX,SNOW,"SNOWFLAKE, INC. (SNOW)",The New York Stock Exchange,SNOW,5.15,335.94,336.7463,Postmarket,1790376048,USD,33.52,USDTHB=X,"2,200 : 1",2200.0,5.118504,0.6153360435002142,338.00715990453455,0.980392,Day & Night Session,ok,same_as_set_underlying,SET official DR market data,https://www.set.or.th/en/market/product/dr/quote/SNOW23/factsheet
AIRBUS80,Depositary Receipt on AIRBUS Issued by KTB,KTB,AIRBUS,AIRBUS SE (AIR),Euronext Paris,AIR.PA,3.04,192.4,,,,EUR,38.155,EURTHB=X,"2,400 : 1",2400.0,3.058759166666667,-0.6132933534322649,191.22002358799634,0.662252,Day & Night Session,ok,manual_underlying,SET official DR market data,https://www.set.or.th/en/market/product/dr/quote/AIRBUS80/factsheet
HK01,Depositary Receipt on TRAHK ETF Issued by BLS,BLS,TRAHK ETF,TRACKER FUND OF HONG KONG (2800),The Stock Exchange of Hong Kong Limited,2800.HK,21.5,25.3,,,,HKD,4.2752,HKDTHB=X,5 : 1,5.0,21.632512,-0.6125594660481348,25.145022455089823,0.0,Day Session Only,ok,exchange_rule_hk,SET official DR market data,https://www.set.or.th/en/market/product/dr/quote/HK01/factsheet
TRIPCOM80,Depositary Receipt on TRIPCOM Issued by KTB,KTB,TRIPCOM,TRIP.COM GROUP LTD. (9961),The Stock Exchange of Hong Kong Limited,9961.HK,1.33,313.0,,,,HKD,4.2752,HKDTHB=X,"1,000 : 1",1000.0,1.3381376,-0.6081287903426325,311.0965568862276,0.0,Day Session Only,ok,manual_underlying,SET official DR market data,https://www.set.or.th/en/market/product/dr/quote/TRIPCOM80/factsheet
VISA06,Depositary Receipt on VISA Issued by KKPS,KKPS,VISA,VISA INC. (V),The New York Stock Exchange,V,1.53,367.38,367.54,Postmarket,1790374974,USD,33.52,USDTHB=X,"8,000 : 1",8000.0,1.5393222,-0.6056042068385614,365.1551312649164,-0.649351,Day & Night Session,ok,same_as_set_underlying,SET official DR market data,https://www.set.or.th/en/market/product/dr/quote/VISA06/factsheet
VCB19,Depositary Receipt on VCB Issued by YUANTA,YUANTA,VCB,JOINT STOCK COMMERCIAL BANK FOR FOREIGN TRADE OF VIETNAM (VCB),Hochiminh Stock Exchange,VCB.VN,7.45,58000.0,,,,VND,0.0012922227146461723,Google Finance THB-VND inverted,10 : 1,10.0,7.4948917449477985,-0.5989645544654976,57652.60055841,0.0,Day Session Only,ok,exchange_rule_vietnam,SET official DR market data,https://www.set.or.th/en/market/product/dr/quote/VCB19/factsheet
AMAT19,Depositary Receipt on AMAT Issued by YUANTA,YUANTA,AMAT,"APPLIED MATERIALS, INC. (AMAT)",The Nasdaq Stock Market,AMAT,4.04,485.0,485.8507,Postmarket,1790380799,USD,33.52,USDTHB=X,"4,000 : 1",4000.0,4.0643,-0.5978889353640326,482.10023866348445,0.0,Day & Night Session,ok,same_as_set_underlying,SET official DR market data,https://www.set.or.th/en/market/product/dr/quote/AMAT19/factsheet
VENTURE19,Depositary Receipt on VENTURE Issued by YUANTA,YUANTA,VENTURE,VENTURE CORPORATION LIMITED (V03),Singapore Exchange,V03.SI,4.34,16.64,,,,SGD,26.2379,SGDTHB=X,100 : 1,100.0,4.36598656,-0.5952047639835145,16.540957927273144,0.0,Day Session Only,ok,exchange_rule_singapore,SET official DR market data,https://www.set.or.th/en/market/product/dr/quote/VENTURE19/factsheet
MSFT06,Depositary Receipt on MSFT Issued by KKPS,KKPS,MSFT,MICROSOFT CORPORATION (MSFT),The Nasdaq Global Select Market,MSFT,4.3,516.17,517.89,Postmarket,1790380795,USD,33.52,USDTHB=X,"4,000 : 1",4000.0,4.3255046,-0.5896329413220491,513.126491646778,3.365385,Day & Night Session,ok,same_as_set_underlying,SET official DR market data,https://www.set.or.th/en/market/product/dr/quote/MSFT06/factsheet
NVDA03,Depositary Receipt on NVDA Issued by PI,PI,NVDA,NVIDIA CORPORATION (NVDA),The Nasdaq Global Select Market,NVDA,5.0,225.07,225.0,Postmarket,1790380795,USD,33.52,USDTHB=X,"1,500 : 1",1500.0,5.029564266666667,-0.5878097007846916,223.7470167064439,0.0,Day & Night Session,ok,same_as_set_underlying,SET official DR market data,https://www.set.or.th/en/market/product/dr/quote/NVDA03/factsheet
NVDA80,Depositary Receipt on NVDA Issued by KTB,KTB,NVDA,NVIDIA CORPORATION (NVDA),The Nasdaq Global Select Market,NVDA,37.5,225.07,225.0,Postmarket,1790380795,USD,33.52,USDTHB=X,200 : 1,200.0,37.721732,-0.5878097007846916,223.7470167064439,0.0,Day & Night Session,ok,same_as_set_underlying,SET official DR market data,https://www.set.or.th/en/market/product/dr/quote/NVDA80/factsheet
COSTCO19,Depositary Receipt on COSTCO Issued by YUANTA,YUANTA,COSTCO,COSTCO WHOLESALE CORPORATION (COST),The Nasdaq Stock Market,COST,30.75,922.765,922.5,Postmarket,1790380766,USD,33.52,USDTHB=X,"1,000 : 1",1000.0,30.931082800000002,-0.5854395760112263,917.36276849642,2.5,Day & Night Session,ok,same_as_set_underlying,SET official DR market data,https://www.set.or.th/en/market/product/dr/quote/COSTCO19/factsheet
LRCX19,Depositary Receipt on LRCX Issued by YUANTA,YUANTA,LRCX,LAM RESEARCH CORPORATION (LRCX),The Nasdaq Stock Market,LRCX,4.04,315.21,315.65,Postmarket,1790380781,USD,33.52,USDTHB=X,"2,600 : 1",2600.0,4.063784307692308,-0.5852748544573849,313.3651551312649,0.0,Day & Night Session,ok,same_as_set_underlying,SET official DR market data,https://www.set.or.th/en/market/product/dr/quote/LRCX19/factsheet
LRCX23,Depositary Receipt on LRCX Issued by INVX,INVX,LRCX,LAM RESEARCH CORPORATION (LRCX),The Nasdaq Stock Market,LRCX,4.04,315.21,315.65,Postmarket,1790380781,USD,33.52,USDTHB=X,"2,600 : 1",2600.0,4.063784307692308,-0.5852748544573849,313.3651551312649,0.0,Day & Night Session,ok,same_as_set_underlying,SET official DR market data,https://www.set.or.th/en/market/product/dr/quote/LRCX23/factsheet
AMZN19,Depositary Receipt on AMZN Issued by YUANTA,YUANTA,AMZN,"AMAZON.COM, INC. (AMZN)",The Nasdaq Stock Market,AMZN,2.08,249.67,249.9799,Postmarket,1790380799,USD,33.52,USDTHB=X,"4,000 : 1",4000.0,2.0922346000000003,-0.5847623397491009,248.21002386634842,-0.952381,Day & Night Session,ok,same_as_set_underlying,SET official DR market data,https://www.set.or.th/en/market/product/dr/quote/AMZN19/factsheet
ITOCHU19,Depositary Receipt on ITOCHU Issued by YUANTA,YUANTA,ITOCHU,ITOCHU CORPORATION (8001),Tokyo Stock Exchange,8001.T,7.85,2229.0,,,,JPY,0.2101,JPYTHB=X,60 : 1,60.0,7.8052150000000005,0.5737830412102518,2241.7896239885767,0.0,Day Session Only,ok,manual_underlying,SET official DR market data,https://www.set.or.th/en/market/product/dr/quote/ITOCHU19/factsheet
ASTS23,Depositary Receipt on ASTS Issued by INVX,INVX,ASTS,"AST SPACEMOBILE, INC., CLASS A (ASTS)",The Nasdaq Stock Market,ASTS,2.06,61.81,61.8101,Postmarket,1790380796,USD,33.52,USDTHB=X,"1,000 : 1",1000.0,2.0718712,-0.5729699799871701,61.455847255369925,-0.961538,Day & Night Session,ok,same_as_set_underlying,SET official DR market data,https://www.set.or.th/en/market/product/dr/quote/ASTS23/factsheet
CRM80,Depositary Receipt on CRM Issued by KTB,KTB,CRM,SALESFORCE INC. (CRM),The New York Stock Exchange,CRM,7.8,234.02,234.3,Postmarket,1790380437,USD,33.52,USDTHB=X,"1,000 : 1",1000.0,7.8443504000000015,-0.565380149260053,232.69689737470165,-1.886792,Day & Night Session,ok,same_as_set_underlying,SET official DR market data,https://www.set.or.th/en/market/product/dr/quote/CRM80/factsheet
JNJ03,Depositary Receipt on JNJ Issued by PI,PI,JNJ,JOHNSON & JOHNSON (JNJ),The New York Stock Exchange,JNJ,4.52,271.22,272.0,Postmarket,1790376803,USD,33.52,USDTHB=X,"2,000 : 1",2000.0,4.545647200000001,-0.5642144863332477,269.689737470167,0.0,Day & Night Session,ok,same_as_set_underlying,SET official DR market data,https://www.set.or.th/en/market/product/dr/quote/JNJ03/factsheet
NBIS23,Depositary Receipt on NBIS Issued by INVX,INVX,NBIS,NEBIUS GROUP N.V. (NBIS),The Nasdaq Stock Market,NBIS,8.0,237.33,238.22,Postmarket,1790380794,USD,33.52,USDTHB=X,"1,000 : 1",1000.0,7.955301600000001,0.5618693325215807,238.6634844868735,-4.191617,Day & Night Session,ok,same_as_set_underlying,SET official DR market data,https://www.set.or.th/en/market/product/dr/quote/NBIS23/factsheet
NBIS80,Depositary Receipt on NBIS Issued by KTB,KTB,NBIS,NEBIUS GROUP N.V. (NBIS),The Nasdaq Stock Market,NBIS,8.0,237.33,238.22,Postmarket,1790380794,USD,33.52,USDTHB=X,"1,000 : 1",1000.0,7.955301600000001,0.5618693325215807,238.6634844868735,-3.614458,Day & Night Session,ok,same_as_set_underlying,SET official DR market data,https://www.set.or.th/en/market/product/dr/quote/NBIS80/factsheet
QCOM80,Depositary Receipt on QCOM Issued by KTB,KTB,QCOM,QUALCOMM INCORPORATED (QCOM),The Nasdaq Stock Market,QCOM,3.96,201.97,202.7,Postmarket,1790380797,USD,33.52,USDTHB=X,"1,700 : 1",1700.0,3.9823731764705883,-0.5618051216992326,200.83532219570404,3.125,Day & Night Session,ok,same_as_set_underlying,SET official DR market data,https://www.set.or.th/en/market/product/dr/quote/QCOM80/factsheet
AFRM03,Depositary Receipt on AFRM Issued by PI,PI,AFRM,"AFFIRM HOLDINGS, INC., CLASS A (AFRM)",The Nasdaq Stock Market,AFRM,2.98,71.52,71.5,Postmarket,1790380726,USD,33.52,USDTHB=X,800 : 1,800.0,2.9966880000000002,-0.5568814638027164,71.1217183770883,0.0,Day & Night Session,ok,same_as_set_underlying,SET official DR market data,https://www.set.or.th/en/market/product/dr/quote/AFRM03/factsheet
HOOD06,Depositary Receipt on HOOD Issued by KKPS,KKPS,HOOD,"ROBINHOOD MARKETS, INC. (HOOD)",The Nasdaq Stock Market,HOOD,3.98,119.4,118.9955,Postmarket,1790380783,USD,33.52,USDTHB=X,"1,000 : 1",1000.0,4.002288,-0.5568814638027053,118.73508353221956,-1.970443,Day & Night Session,ok,same_as_set_underlying,SET official DR market data,https://www.set.or.th/en/market/product/dr/quote/HOOD06/factsheet
HOOD80,Depositary Receipt on HOOD Issued by KTB,KTB,HOOD,"ROBINHOOD MARKETS, INC. (HOOD)",The Nasdaq Stock Market,HOOD,3.98,119.4,118.9955,Postmarket,1790380783,USD,33.52,USDTHB=X,"1,000 : 1",1000.0,4.002288,-0.5568814638027053,118.73508353221956,-1.970443,Day & Night Session,ok,same_as_set_underlying,SET official DR market data,https://www.set.or.th/en/market/product/dr/quote/HOOD80/factsheet
LITE01,Depositary Receipt on LITE Issued by BLS,BLS,LITE,LUMENTUM HOLDINGS INC. (LITE),The Nasdaq Stock Market,LITE,4.3,941.65,942.01,Postmarket,1790380799,USD,33.52,USDTHB=X,"7,300 : 1",7300.0,4.323850410958904,-0.5516012047608099,936.4558472553698,-1.376147,Day & Night Session,ok,same_as_set_underlying,SET official DR market data,https://www.set.or.th/en/market/product/dr/quote/LITE01/factsheet
CRWV23,Depositary Receipt on CRWV Issued by INVX,INVX,CRWV,"COREWEAVE, INC. (CRWV)",The Nasdaq Stock Market,CRWV,2.92,87.59,87.51,Postmarket,1790380798,USD,33.52,USDTHB=X,"1,000 : 1",1000.0,2.9360168000000004,-0.5455282135987893,87.11217183770883,-3.947368,Day & Night Session,ok,same_as_set_underlying,SET official DR market data,https://www.set.or.th/en/market/product/dr/quote/CRWV23/factsheet
WUXI06,Depositary Receipt on WUXI Issued by KKPS,KKPS,WUXI,WUXI BIOLOGICS (CAYMAN) INC. (2269),The Stock Exchange of Hong Kong Limited,2269.HK,5.65,53.15,,,,HKD,4.2752,HKDTHB=X,40 : 1,40.0,5.6806719999999995,-0.5399361202336528,52.86302395209581,0.0,Day Session Only,ok,manual_underlying,SET official DR market data,https://www.set.or.th/en/market/product/dr/quote/WUXI06/factsheet
WMT06,Depositary Receipt on WMT Issued by KKPS,KKPS,WMT,WALMART INC. (WMT),The Nasdaq Stock Market,WMT,3.6,107.98,107.9137,Postmarket,1790380794,USD,33.52,USDTHB=X,"1,000 : 1",1000.0,3.6194896000000005,-0.5384626605917209,107.39856801909306,0.0,Day & Night Session,ok,same_as_set_underlying,SET official DR market data,https://www.set.or.th/en/market/product/dr/quote/WMT06/factsheet
ABNB06,Depositary Receipt on ABNB Issued by KKPS,KKPS,ABNB,"AIRBNB, INC. (ABNB)",The Nasdaq Stock Market,ABNB,5.25,157.47,158.4673,Postmarket,1790380754,USD,33.52,USDTHB=X,"1,000 : 1",1000.0,5.2783944,-0.5379363088139022,156.62291169451072,1.941748,Day & Night Session,ok,same_as_set_underlying,SET official DR market data,https://www.set.or.th/en/market/product/dr/quote/ABNB06/factsheet
AMAT80,Depositary Receipt on AMAT Issued by KTB,KTB,AMAT,"APPLIED MATERIALS, INC. (AMAT)",The Nasdaq Stock Market,AMAT,2.94,485.0,485.8507,Postmarket,1790380799,USD,33.52,USDTHB=X,"5,500 : 1",5500.0,2.9558545454545455,-0.5363777280220527,482.39856801909303,0.0,Day & Night Session,ok,same_as_set_underlying,SET official DR market data,https://www.set.or.th/en/market/product/dr/quote/AMAT80/factsheet
CIEN03,Depositary Receipt on CIEN Issued by PI,PI,CIEN,CIENA CORPORATION (CIEN),The New York Stock Exchange,CIEN,1.19,356.91,357.69,Postmarket,1790380625,USD,33.52,USDTHB=X,"10,000 : 1",10000.0,1.1963623200000002,-0.5318054483695378,355.01193317422434,-3.252033,Day & Night Session,ok,same_as_set_underlying,SET official DR market data,https://www.set.or.th/en/market/product/dr/quote/CIEN03/factsheet
ESTEE80,Depositary Receipt on ESTEE Issued by KTB,KTB,ESTEE,THE ESTEE LAUDER COMPANIES INC. (EL),The New York Stock Exchange,EL,1.05,94.47,94.47,Postmarket,1790371683,USD,33.52,USDTHB=X,"3,000 : 1",3000.0,1.0555448,-0.5253021946581504,93.97374701670644,-1.869159,Day & Night Session,ok,same_as_set_underlying,SET official DR market data,https://www.set.or.th/en/market/product/dr/quote/ESTEE80/factsheet
SOFTBANK23,Depositary Receipt on SOFTBANK Issued by INVX,INVX,SOFTBANK,SOFTBANK GROUP CORP. (9984),Tokyo Stock Exchange,9984.T,2.52,6294.0,,,,JPY,0.2101,JPYTHB=X,527.5 : 1,527.5,2.5068614218009477,0.5241046866329535,6326.987148976677,0.0,Day Session Only,ok,manual_underlying,SET official DR market data,https://www.set.or.th/en/market/product/dr/quote/SOFTBANK23/factsheet
LRCX01,Depositary Receipt on LRCX Issued by BLS,BLS,LRCX,LAM RESEARCH CORPORATION (LRCX),The Nasdaq Stock Market,LRCX,4.38,315.21,315.65,Postmarket,1790380781,USD,33.52,USDTHB=X,"2,400 : 1",2400.0,4.402433,-0.5095591460449356,313.6038186157518,0.0,Day & Night Session,ok,same_as_set_underlying,SET official DR market data,https://www.set.or.th/en/market/product/dr/quote/LRCX01/factsheet
GOLDUS03,Depositary Receipt on SPDR GOLD (US) ETF Issued by PI,PI,SPDR GOLD (US) ETF,SPDR GOLD SHARES (GLD),The New York Stock Exchange Archipelago,GLD,3.28,393.41,393.05,Postmarket,1790380632,USD,33.52,USDTHB=X,"4,000 : 1",4000.0,3.2967758000000003,-0.5088547422606227,391.4081145584725,-0.606061,Day & Night Session,ok,same_as_set_underlying,SET official DR market data,https://www.set.or.th/en/market/product/dr/quote/GOLDUS03/factsheet
PANW19,Depositary Receipt on PANW Issued by YUANTA,YUANTA,PANW,"PALO ALTO NETWORKS, INC. (PANW)",The Nasdaq Stock Market,PANW,5.05,374.74,374.6,Postmarket,1790380786,USD,33.52,USDTHB=X,"2,500 : 1",2500.0,5.02451392,0.5072347376440245,376.6408114558472,-3.809524,Day & Night Session,ok,same_as_set_underlying,SET official DR market data,https://www.set.or.th/en/market/product/dr/quote/PANW19/factsheet
FABRINET23,Depositary Receipt on FABRINET Issued by INVX,INVX,FABRINET,FABRINET (FN),The New York Stock Exchange,FN,3.48,417.39,417.88,Postmarket,1790378884,USD,33.52,USDTHB=X,"4,000 : 1",4000.0,3.4977282,-0.5068489884377025,415.27446300715985,1.754386,Day & Night Session,ok,same_as_set_underlying,SET official DR market data,https://www.set.or.th/en/market/product/dr/quote/FABRINET23/factsheet
TSLA01,Depositary Receipt on TSLA Issued by BLS,BLS,TSLA,TESLA INC. (TSLA),The Nasdaq Global Select Market,TSLA,36.5,372.11,372.59,Postmarket,1790380799,USD,33.52,USDTHB=X,340 : 1,340.0,36.68566823529412,-0.5061056380472273,370.2267303102625,-2.666667,Day & Night Session,ok,same_as_set_underlying,SET official DR market data,https://www.set.or.th/en/market/product/dr/quote/TSLA01/factsheet
MSFT23,Depositary Receipt on MSFT Issued by INVX,INVX,MSFT,MICROSOFT CORPORATION (MSFT),The Nasdaq Global Select Market,MSFT,3.22,516.17,517.89,Postmarket,1790380795,USD,33.52,USDTHB=X,"5,400 : 1",5400.0,3.2040774814814816,0.4969454893193337,518.7350835322195,4.545455,Day & Night Session,ok,same_as_set_underlying,SET official DR market data,https://www.set.or.th/en/market/product/dr/quote/MSFT23/factsheet
USTR24,Depositary Receipt on USTR ETF Issued by FSS,FSS,USTR ETF,GLOBAL X US TREASURY 3-5 YEAR ETF (3450),The Stock Exchange of Hong Kong Limited,3450.HK,1.16,54.0,,,,HKD,4.2752,HKDTHB=X,200 : 1,200.0,1.154304,0.4934575293856769,54.266467065868255,0.0,Day Session Only,ok,exchange_rule_hk,SET official DR market data,https://www.set.or.th/en/market/product/dr/quote/USTR24/factsheet
ON23,Depositary Receipt on ON Issued by INVX,INVX,ON,ON SEMICONDUCTOR CORPORATION (ON),The Nasdaq Stock Market,ON,5.15,77.2,77.5987,Postmarket,1790380789,USD,33.52,USDTHB=X,500 : 1,500.0,5.1754880000000005,-0.49247529894765885,76.8198090692124,3.0,Day & Night Session,ok,same_as_set_underlying,SET official DR market data,https://www.set.or.th/en/market/product/dr/quote/ON23/factsheet
HITACHI24,Depositary Receipt on HITACHI Issued by FSS,FSS,HITACHI,KABUSHIKI KAISHA HITACHI SEISAKUSHO (6501),Tokyo Stock Exchange,6501.T,1.47,5570.0,,,,JPY,0.2101,JPYTHB=X,800 : 1,800.0,1.4628212500000002,0.4907469043124557,5597.334602570205,0.0,Day Session Only,ok,manual_underlying,SET official DR market data,https://www.set.or.th/en/market/product/dr/quote/HITACHI24/factsheet
CHMOBILE23,Depositary Receipt on CHMOBILE Issued by INVX,INVX,CHMOBILE,CHINA MOBILE LIMITED (941),The Stock Exchange of Hong Kong Limited,0941.HK,2.6,79.45,,,,HKD,4.2752,HKDTHB=X,130 : 1,130.0,2.612804923076923,-0.4900833951982708,79.06062874251498,0.0,Day Session Only,ok,manual_underlying,SET official DR market data,https://www.set.or.th/en/market/product/dr/quote/CHMOBILE23/factsheet
MKSI03,Depositary Receipt on MKSI Issued by PI,PI,MKSI,MKS INC. (MKSI),The Nasdaq Stock Market,MKSI,1.74,260.82,261.79,Postmarket,1790380796,USD,33.52,USDTHB=X,"5,000 : 1",5000.0,1.74853728,-0.4882526725423997,259.5465393794749,-0.571429,Day & Night Session,ok,same_as_set_underlying,SET official DR market data,https://www.set.or.th/en/market/product/dr/quote/MKSI03/factsheet
PANW80,Depositary Receipt on PANW Issued by KTB,KTB,PANW,"PALO ALTO NETWORKS, INC. (PANW)",The Nasdaq Stock Market,PANW,12.5,374.74,374.6,Postmarket,1790380786,USD,33.52,USDTHB=X,"1,000 : 1",1000.0,12.561284800000001,-0.48788639837225034,372.91169451073984,-4.580153,Day & Night Session,ok,same_as_set_underlying,SET official DR market data,https://www.set.or.th/en/market/product/dr/quote/PANW80/factsheet
PINGAN01,Depositary Receipt on PINGAN Issued by BLS,BLS,PINGAN,"PING AN INSURANCE (GROUP) COMPANY OF CHINA, LIMITED (H SHARES)(2318)",The Stock Exchange of Hong Kong Limited,2318.HK,5.15,52.75,,,,HKD,4.2752,HKDTHB=X,44 : 1,44.0,5.125381818181818,0.4803189828873178,53.003368263473064,0.0,Day Session Only,ok,manual_underlying,SET official DR market data,https://www.set.or.th/en/market/product/dr/quote/PINGAN01/factsheet
AIA23,Depositary Receipt on AIA Issued by INVX,INVX,AIA,AIA GROUP LIMITED (1299),The Stock Exchange of Hong Kong Limited,1299.HK,2.44,74.55,,,,HKD,4.2752,HKDTHB=X,130 : 1,130.0,2.451662769230769,-0.4757085426732033,74.19535928143712,0.0,Day Session Only,ok,manual_underlying,SET official DR market data,https://www.set.or.th/en/market/product/dr/quote/AIA23/factsheet
TTMI80,Depositary Receipt on TTMI Issued by KTB,KTB,TTMI,"TTM TECHNOLOGIES, INC. (TTMI)",The Nasdaq Stock Market,TTMI,2.9,129.17,129.5,Postmarket,1790380229,USD,33.52,USDTHB=X,"1,500 : 1",1500.0,2.8865189333333334,0.46703544920450035,129.77326968973745,2.112676,Day & Night Session,ok,same_as_set_underlying,SET official DR market data,https://www.set.or.th/en/market/product/dr/quote/TTMI80/factsheet
KUAISH80,Depositary Receipt on KUAISH Issued by KTB,KTB,KUAISH,KUAISHOU TECHNOLOGY (1024),The Stock Exchange of Hong Kong Limited,1024.HK,1.28,30.08,,,,HKD,4.2752,HKDTHB=X,100 : 1,100.0,1.28598016,-0.4650273920244641,29.940119760479043,0.0,Day Session Only,ok,exchange_rule_hk,SET official DR market data,https://www.set.or.th/en/market/product/dr/quote/KUAISH80/factsheet
ADVANT19,Depositary Receipt on ADVANT Issued by YUANTA,YUANTA,ADVANT,ADVANTEST CORPORATION (6857),Tokyo Stock Exchange,6857.T,7.15,34190.0,,,,JPY,0.2101,JPYTHB=X,"1,000 : 1",1000.0,7.183319,-0.46383851253160024,34031.41361256544,0.0,Day Session Only,ok,manual_underlying,SET official DR market data,https://www.set.or.th/en/market/product/dr/quote/ADVANT19/factsheet
KLAC01,Depositary Receipt on KLAC Issued by BLS,BLS,KLAC,KLA CORPORATION (KLAC),The Nasdaq Stock Market,KLAC,4.18,187.92,188.21,Postmarket,1790380799,USD,33.52,USDTHB=X,"1,500 : 1",1500.0,4.1993856,-0.4616294345534899,187.0525059665871,-1.877934,Day & Night Session,ok,same_as_set_underlying,SET official DR market data,https://www.set.or.th/en/market/product/dr/quote/KLAC01/factsheet
AVGO23,Depositary Receipt on AVGO Issued by INVX,INVX,AVGO,BROADCOM INC. (AVGO),The Nasdaq Stock Market,AVGO,2.7,352.81,353.6991,Postmarket,1790380786,USD,33.52,USDTHB=X,"4,400 : 1",4400.0,2.6877707272727274,0.45499687168935044,354.4152744630071,0.0,Day & Night Session,ok,same_as_set_underlying,SET official DR market data,https://www.set.or.th/en/market/product/dr/quote/AVGO23/factsheet
MRVL23,Depositary Receipt on MRVL Issued by INVX,INVX,MRVL,"MARVELL TECHNOLOGY, INC. (MRVL)",The Nasdaq Stock Market,MRVL,7.35,261.935,262.5267,Postmarket,1790380781,USD,33.52,USDTHB=X,"1,200 : 1",1200.0,7.3167176666666665,0.45488065618495277,263.126491646778,-0.675676,Day & Night Session,ok,same_as_set_underlying,SET official DR market data,https://www.set.or.th/en/market/product/dr/quote/MRVL23/factsheet
SPFIN80,Depositary Receipt on SPFIN ETF Issued by KTB,KTB,SPFIN ETF,STATE STREET FINANCIAL SELECT SECTOR SPDR ETF (XLF),The New York Stock Exchange Archipelago,XLF,18.3,54.84,54.81,Postmarket,1790380792,USD,33.52,USDTHB=X,100 : 1,100.0,18.382368000000003,-0.4480815529316007,54.59427207637231,0.0,Day & Night Session,ok,same_as_set_underlying,SET official DR market data,https://www.set.or.th/en/market/product/dr/quote/SPFIN80/factsheet
SMR23,Depositary Receipt on SMR Issued by INVX,INVX,SMR,NUSCALE POWER CORPORATION (SMR),The New York Stock Exchange,SMR,1.89,8.42,8.4269,Postmarket,1790380759,USD,33.52,USDTHB=X,150 : 1,150.0,1.8815893333333333,0.4469979988548589,8.457637231503579,-2.072539,Day & Night Session,ok,same_as_set_underlying,SET official DR market data,https://www.set.or.th/en/market/product/dr/quote/SMR23/factsheet
AXP06,Depositary Receipt on AXP Issued by KKPS,KKPS,AXP,AMERICAN EXPRESS COMPANY (AXP),The New York Stock Exchange,AXP,2.6,308.89,309.1,Postmarket,1790377973,USD,33.52,USDTHB=X,"4,000 : 1",4000.0,2.5884982,0.4443425921640598,310.2625298329355,0.775194,Day & Night Session,ok,same_as_set_underlying,SET official DR market data,https://www.set.or.th/en/market/product/dr/quote/AXP06/factsheet
HOOD03,Depositary Receipt on HOOD Issued by PI,PI,HOOD,"ROBINHOOD MARKETS, INC. (HOOD)",The Nasdaq Stock Market,HOOD,4.02,119.4,118.9955,Postmarket,1790380783,USD,33.52,USDTHB=X,"1,000 : 1",1000.0,4.002288,0.44254686319424863,119.92840095465391,-0.985222,Day & Night Session,ok,same_as_set_underlying,SET official DR market data,https://www.set.or.th/en/market/product/dr/quote/HOOD03/factsheet
NDX01,Depositary Receipt on CAM NASDAQ 100 ETF Issued by BLS,BLS,CAM NASDAQ 100 ETF,CHINAAMC NASDAQ 100 ETF (3086),The Stock Exchange of Hong Kong Limited,3086.HK,26.5,62.26,,,,HKD,4.2752,HKDTHB=X,10 : 1,10.0,26.617395199999997,-0.44104691356123826,61.985404191616766,0.0,Day Session Only,ok,exchange_rule_hk,SET official DR market data,https://www.set.or.th/en/market/product/dr/quote/NDX01/factsheet
SPTECH80,Depositary Receipt on SPTECH ETF Issued by KTB,KTB,SPTECH ETF,STATE STREET TECHNOLOGY SELECT SECTOR SPDR ETF (XLK),The New York Stock Exchange Archipelago,XLK,13.1,196.27,196.79,Postmarket,1790376933,USD,33.52,USDTHB=X,500 : 1,500.0,13.157940800000002,-0.44034853842785937,195.40572792362767,0.0,Day & Night Session,ok,same_as_set_underlying,SET official DR market data,https://www.set.or.th/en/market/product/dr/quote/SPTECH80/factsheet
STEG19,Depositary Receipt on STEG Issued by YUANTA,YUANTA,STEG,SINGAPORE TECHNOLOGIES ENGINEERING LTD (S63),Singapore Exchange,S63.SI,28.5,10.91,,,,SGD,26.2379,SGDTHB=X,10 : 1,10.0,28.625548900000002,-0.4385903670828917,10.862149790951257,0.0,Day Session Only,ok,exchange_rule_singapore,SET official DR market data,https://www.set.or.th/en/market/product/dr/quote/STEG19/factsheet
GSUS06,Depositary Receipt on GSUS Issued by KKPS,KKPS,GSUS,"GOLDMAN SACHS GROUP, INC. (GS)",The New York Stock Exchange,GS,4.46,935.45,935.99,Postmarket,1790378570,USD,33.52,USDTHB=X,"7,000 : 1",7000.0,4.479469142857143,-0.4346305831392505,931.3842482100238,0.45045,Day & Night Session,ok,manual_underlying,SET official DR market data,https://www.set.or.th/en/market/product/dr/quote/GSUS06/factsheet
MELI06,Depositary Receipt on MELI Issued by KKPS,KKPS,MELI,"MERCADOLIBRE,INC. (MELI)",The Nasdaq Stock Market,MELI,2.36,1752.61,1755.0,Postmarket,1790380744,USD,33.52,USDTHB=X,"25,000 : 1",25000.0,2.349899488,0.42982740545198794,1760.143198090692,0.0,Day & Night Session,ok,same_as_set_underlying,SET official DR market data,https://www.set.or.th/en/market/product/dr/quote/MELI06/factsheet
BKNG03,Depositary Receipt on BKNG Issued by PI,PI,BKNG,BOOKING HOLDINGS INC. (BKNG),The Nasdaq Stock Market,BKNG,2.28,163.95,164.55,Postmarket,1790380778,USD,33.52,USDTHB=X,"2,400 : 1",2400.0,2.289835,-0.42950692953860337,163.24582338902144,3.636364,Day & Night Session,ok,same_as_set_underlying,SET official DR market data,https://www.set.or.th/en/market/product/dr/quote/BKNG03/factsheet
JPMUS19,Depositary Receipt on JPMUS Issued by YUANTA,YUANTA,JPMUS,JP MORGAN CHASE & CO. (JPM),The New York Stock Exchange,JPM,22.9,343.06,343.1,Postmarket,1790379339,USD,33.52,USDTHB=X,500 : 1,500.0,22.9987424,-0.42933825807798254,341.5871121718377,1.327434,Day & Night Session,ok,manual_underlying,SET official DR market data,https://www.set.or.th/en/market/product/dr/quote/JPMUS19/factsheet
WUXI13,Depositary Receipt on WUXI Issued by KGI,KGI,WUXI,WUXI BIOLOGICS (CAYMAN) INC. (2269),The Stock Exchange of Hong Kong Limited,2269.HK,3.26,53.15,,,,HKD,4.2752,HKDTHB=X,70 : 1,70.0,3.2460982857142855,0.4282591918702616,53.37761976047904,0.0,Day Session Only,ok,manual_underlying,SET official DR market data,https://www.set.or.th/en/market/product/dr/quote/WUXI13/factsheet
BONDUS01,Depositary Receipt on BONDUS ETF Issued by BLS,BLS,BONDUS ETF,PREMIA US TREASURY FLOATING RATE ETF ACC (9078),The Stock Exchange of Hong Kong Limited,9078.HK,9.75,613.45,,,,USD,33.52,USDTHB=X,"2,100 : 1",2100.0,9.791830476190478,-0.42719771642485416,610.8293556085919,0.0,Day Session Only,ok,exchange_rule_hk,SET official DR market data,https://www.set.or.th/en/market/product/dr/quote/BONDUS01/factsheet
TSLA03,Depositary Receipt on TSLA Issued by PI,PI,TSLA,TESLA INC. (TSLA),The Nasdaq Global Select Market,TSLA,4.14,372.11,372.59,Postmarket,1790380799,USD,33.52,USDTHB=X,"3,000 : 1",3000.0,4.1577090666666665,-0.42593328159116206,370.525059665871,-2.358491,Day & Night Session,ok,same_as_set_underlying,SET official DR market data,https://www.set.or.th/en/market/product/dr/quote/TSLA03/factsheet
ONON03,Depositary Receipt on ONON Issued by PI,PI,ONON,ON HOLDING AG (ONON),The New York Stock Exchange,ONON,2.0,29.96,30.0,Postmarket,1790380596,USD,33.52,USDTHB=X,500 : 1,500.0,2.0085184000000003,-0.4241136152897673,29.832935560859188,-0.990099,Day & Night Session,ok,same_as_set_underlying,SET official DR market data,https://www.set.or.th/en/market/product/dr/quote/ONON03/factsheet
NBIS01,Depositary Receipt on NBIS Issued by BLS,BLS,NBIS,NEBIUS GROUP N.V. (NBIS),The Nasdaq Stock Market,NBIS,4.66,237.33,238.22,Postmarket,1790380794,USD,33.52,USDTHB=X,"1,700 : 1",1700.0,4.679589176470589,-0.4186088934705068,236.33651551312647,-4.115226,Day & Night Session,ok,same_as_set_underlying,SET official DR market data,https://www.set.or.th/en/market/product/dr/quote/NBIS01/factsheet
BIDU80,Depositary Receipt on BIDU Issued by KTB,KTB,BIDU,"BAIDU, INC. (9888)",The Stock Exchange of Hong Kong Limited,9888.HK,3.64,85.5,,,,HKD,4.2752,HKDTHB=X,100 : 1,100.0,3.6552960000000003,-0.4184613229681,85.14221556886228,0.0,Day Session Only,ok,exchange_rule_hk,SET official DR market data,https://www.set.or.th/en/market/product/dr/quote/BIDU80/factsheet
XPENG03,Depositary Receipt on XPENG Issued by PI,PI,XPENG,XPENG INC. (9868),The Stock Exchange of Hong Kong Limited,9868.HK,1.7,39.6,,,,HKD,4.2752,HKDTHB=X,100 : 1,100.0,1.6929792000000001,0.414700901227838,39.76422155688623,0.0,Day Session Only,ok,exchange_rule_hk,SET official DR market data,https://www.set.or.th/en/market/product/dr/quote/XPENG03/factsheet
MP80,Depositary Receipt on MP Issued by KTB,KTB,MP,MP MATERIALS CORP. (MP),The New York Stock Exchange,MP,16.3,48.83,48.9299,Postmarket,1790380749,USD,33.52,USDTHB=X,100 : 1,100.0,16.367816,-0.4143252832265465,48.627684964200476,-1.807229,Day & Night Session,ok,same_as_set_underlying,SET official DR market data,https://www.set.or.th/en/market/product/dr/quote/MP80/factsheet
PLTR23,Depositary Receipt on PLTR Issued by INVX,INVX,PLTR,PALANTIR TECHNOLOGIES INC. (PLTR),The Nasdaq Stock Market,PLTR,3.36,189.67,189.6531,Postmarket,1790380799,USD,33.52,USDTHB=X,"1,900 : 1",1900.0,3.346178105263158,0.41306512391261485,190.45346062052505,-1.176471,Day & Night Session,ok,same_as_set_underlying,SET official DR market data,https://www.set.or.th/en/market/product/dr/quote/PLTR23/factsheet
CRM01,Depositary Receipt on CRM Issued by BLS,BLS,CRM,SALESFORCE INC. (CRM),The New York Stock Exchange,CRM,4.34,234.02,234.3,Postmarket,1790380437,USD,33.52,USDTHB=X,"1,800 : 1",1800.0,4.357972444444445,-0.41240381102813917,233.05489260143196,-0.913242,Day & Night Session,ok,same_as_set_underlying,SET official DR market data,https://www.set.or.th/en/market/product/dr/quote/CRM01/factsheet
TER23,Depositary Receipt on TER Issued by INVX,INVX,TER,"TERADYNE, INC. (TER)",The Nasdaq Stock Market,TER,6.65,398.38,399.77,Postmarket,1790380585,USD,33.52,USDTHB=X,"2,000 : 1",2000.0,6.676848800000001,-0.40211783738461904,396.7780429594272,0.757576,Day & Night Session,ok,same_as_set_underlying,SET official DR market data,https://www.set.or.th/en/market/product/dr/quote/TER23/factsheet
OKLO03,Depositary Receipt on OKLO Issued by PI,PI,OKLO,OKLO INC. (OKLO),The New York Stock Exchange,OKLO,1.27,38.04,38.0793,Postmarket,1790380785,USD,33.52,USDTHB=X,"1,000 : 1",1000.0,1.2751008000000001,-0.4000311191084016,37.887828162291164,-3.053435,Day & Night Session,ok,same_as_set_underlying,SET official DR market data,https://www.set.or.th/en/market/product/dr/quote/OKLO03/factsheet
CRDO23,Depositary Receipt on CRDO Issued by INVX,INVX,CRDO,CREDO TECHNOLOGY GROUP HOLDING LTD. (CRDO),The Nasdaq Stock Market,CRDO,7.1,210.97,210.0992,Postmarket,1790380798,USD,33.52,USDTHB=X,"1,000 : 1",1000.0,7.071714400000001,0.3999822164763689,211.81384248210023,5.185185,Day & Night Session,ok,same_as_set_underlying,SET official DR market data,https://www.set.or.th/en/market/product/dr/quote/CRDO23/factsheet
TSEMI03,Depositary Receipt on TSEMI Issued by PI,PI,TSEMI,TOWER SEMICONDUCTOR LTD. (TSEM),The Nasdaq Stock Market,TSEM,1.71,230.47,231.0171,Postmarket,1790380739,USD,33.52,USDTHB=X,"4,500 : 1",4500.0,1.7167454222222225,-0.39291919086587024,229.56443914081143,2.39521,Day & Night Session,ok,same_as_set_underlying,SET official DR market data,https://www.set.or.th/en/market/product/dr/quote/TSEMI03/factsheet
ASTS03,Depositary Receipt on ASTS Issued by PI,PI,ASTS,"AST SPACEMOBILE, INC., CLASS A (ASTS)",The Nasdaq Stock Market,ASTS,2.08,61.81,61.8101,Postmarket,1790380796,USD,33.52,USDTHB=X,"1,000 : 1",1000.0,2.0718712,0.39234099108091947,62.052505966587105,-0.952381,Day & Night Session,ok,same_as_set_underlying,SET official DR market data,https://www.set.or.th/en/market/product/dr/quote/ASTS03/factsheet
SINGTEL80,Depositary Receipt on SINGTEL Issued by KTB,KTB,SINGTEL,SINGAPORE TELECOMMUNICATIONS LIMITED (Z74),Singapore Exchange,Z74.SI,11.3,4.29,,,,SGD,26.2379,SGDTHB=X,10 : 1,10.0,11.2560591,0.39037552672409603,4.306747110096463,0.0,Day Session Only,ok,manual_underlying,SET official DR market data,https://www.set.or.th/en/market/product/dr/quote/SINGTEL80/factsheet
JPROBOAI24,Depositary Receipt on JPROBOAI ETF Issued by FSS,FSS,JPROBOAI ETF,GLOBAL X JAPAN ROBOTICS & AI ETF (2638),Tokyo Stock Exchange,2638.T,1.42,2693.0,,,,JPY,0.2101,JPYTHB=X,400 : 1,400.0,1.41449825,0.3889541750935255,2703.4745359352687,0.0,Day Session Only,ok,exchange_rule_tokyo,SET official DR market data,https://www.set.or.th/en/market/product/dr/quote/JPROBOAI24/factsheet
THAIBEV19,Depositary Receipt on THAIBEV Issued by YUANTA,YUANTA,THAIBEV,THAI BEVERAGE PUBLIC  COMPANY LIMITED (Y92),Singapore Exchange,Y92.SI,11.5,0.44,,,,SGD,26.2379,SGDTHB=X,1 : 1,1.0,11.544676,-0.38698357580585485,0.43829727226645426,0.0,Day Session Only,ok,manual_underlying,SET official DR market data,https://www.set.or.th/en/market/product/dr/quote/THAIBEV19/factsheet
PLAB03,Depositary Receipt on PLAB Issued by PI,PI,PLAB,PLANET LABS PBC (PL),The New York Stock Exchange,PL,0.97,17.43,17.4792,Postmarket,1790380791,USD,33.52,USDTHB=X,600 : 1,600.0,0.973756,-0.38572291210529075,17.362768496420045,-4.901961,Day & Night Session,ok,same_as_set_underlying,SET official DR market data,https://www.set.or.th/en/market/product/dr/quote/PLAB03/factsheet
MUFG23,Depositary Receipt on MUFG Issued by INVX,INVX,MUFG,"MITSUBISHI UFJ FINANCIAL GROUP, INC. (8306)",Tokyo Stock Exchange,8306.T,3.14,3722.0,,,,JPY,0.2101,JPYTHB=X,250 : 1,250.0,3.1279688,0.3846329925029979,3736.3160399809612,0.0,Day Session Only,ok,exchange_rule_tokyo,SET official DR market data,https://www.set.or.th/en/market/product/dr/quote/MUFG23/factsheet
JGRO19,Depositary Receipt on JGRO ETF Issued by YUANTA,YUANTA,JGRO ETF,JPMORGAN ACTIVE GROWTH ETF (JGRO),The New York Stock Exchange Archipelago,JGRO,10.9,97.18,94.67,Postmarket,1790372433,USD,33.52,USDTHB=X,300 : 1,300.0,10.858245333333336,0.3845434081184651,97.55369928400954,1.869159,Day & Night Session,ok,same_as_set_underlying,SET official DR market data,https://www.set.or.th/en/market/product/dr/quote/JGRO19/factsheet
LVMH01,Depositary Receipt on LVMH Issued by BLS,BLS,LVMH,LVMH MOET HENNESSY LOUIS VUITTON SE (MC),Euronext Paris,MC.PA,9.5,396.85,,,,EUR,38.155,EURTHB=X,"1,600 : 1",1600.0,9.46363234375,0.3842885578074995,398.375049141659,-0.52356,Day & Night Session,ok,manual_underlying,SET official DR market data,https://www.set.or.th/en/market/product/dr/quote/LVMH01/factsheet
NEE80,Depositary Receipt on NEE Issued by KTB,KTB,NEE,"NEXTERA ENERGY, INC. (NEE)",The New York Stock Exchange,NEE,2.56,76.08,76.1816,Postmarket,1790377836,USD,33.52,USDTHB=X,"1,000 : 1",1000.0,2.5502016000000003,0.3842206043631835,76.37231503579952,-0.775194,Day & Night Session,ok,same_as_set_underlying,SET official DR market data,https://www.set.or.th/en/market/product/dr/quote/NEE80/factsheet
SPHLTH80,Depositary Receipt on SPHLTH ETF Issued by KTB,KTB,SPHLTH ETF,STATE STREET HEALTH CARE SELECT SECTOR SPDR ETF (XLV),The New York Stock Exchange Archipelago,XLV,5.7,170.7,170.55,Postmarket,1790374211,USD,33.52,USDTHB=X,"1,000 : 1",1000.0,5.721864,-0.3821132414192241,170.04773269689736,0.0,Day & Night Session,ok,same_as_set_underlying,SET official DR market data,https://www.set.or.th/en/market/product/dr/quote/SPHLTH80/factsheet
ANET80,Depositary Receipt on ANET Issued by KTB,KTB,ANET,"ARISTA NETWORKS, INC. (ANET)",The New York Stock Exchange,ANET,6.95,206.55,207.0935,Postmarket,1790378676,USD,33.52,USDTHB=X,"1,000 : 1",1000.0,6.923556000000001,0.38194245847074093,207.33890214797134,-1.41844,Day & Night Session,ok,same_as_set_underlying,SET official DR market data,https://www.set.or.th/en/market/product/dr/quote/ANET80/factsheet
CYPC80,Depositary Receipt on CYPC Issued by KTB,KTB,CYPC,"CHINA YANGTZE POWER CO., LTD. (600900)",Shanghai Stock Exchange,600900.SS,14.2,28.54,,,,CNY,4.9945,CNYTHB=X,10 : 1,10.0,14.254303000000002,-0.38095864806579893,28.431274401842025,0.0,Day Session Only,ok,manual_underlying,SET official DR market data,https://www.set.or.th/en/market/product/dr/quote/CYPC80/factsheet
PNG80,Depositary Receipt on PNG Issued by KTB,KTB,PNG,THE PROCTER & GAMBLE COMPANY (PG),The New York Stock Exchange,PG,4.92,146.23,145.64,Postmarket,1790377768,USD,33.52,USDTHB=X,"1,000 : 1",1000.0,4.901629600000001,0.37478148083647245,146.77804295942718,-0.806452,Day & Night Session,ok,same_as_set_underlying,SET official DR market data,https://www.set.or.th/en/market/product/dr/quote/PNG80/factsheet
AMZN06,Depositary Receipt on AMZN Issued by KKPS,KKPS,AMZN,"AMAZON.COM, INC. (AMZN)",The Nasdaq Stock Market,AMZN,2.1,249.67,249.9799,Postmarket,1790380799,USD,33.52,USDTHB=X,"4,000 : 1",4000.0,2.0922346000000003,0.3711534069840816,250.59665871121717,0.0,Day & Night Session,ok,same_as_set_underlying,SET official DR market data,https://www.set.or.th/en/market/product/dr/quote/AMZN06/factsheet
AMZN80,Depositary Receipt on AMZN Issued by KTB,KTB,AMZN,"AMAZON.COM, INC. (AMZN)",The Nasdaq Stock Market,AMZN,2.1,249.67,249.9799,Postmarket,1790380799,USD,33.52,USDTHB=X,"4,000 : 1",4000.0,2.0922346000000003,0.3711534069840816,250.59665871121717,0.0,Day & Night Session,ok,same_as_set_underlying,SET official DR market data,https://www.set.or.th/en/market/product/dr/quote/AMZN80/factsheet
DOLLARG80,Depositary Receipt on DOLLARG Issued by KTB,KTB,DOLLARG,DOLLAR GENERAL CORPORATION (DG),The New York Stock Exchange,DG,4.2,124.84,124.2619,Postmarket,1790376502,USD,33.52,USDTHB=X,"1,000 : 1",1000.0,4.1846368,0.3671334152584027,125.29832935560859,2.439024,Day & Night Session,ok,same_as_set_underlying,SET official DR market data,https://www.set.or.th/en/market/product/dr/quote/DOLLARG80/factsheet
HKCE01,Depositary Receipt on HSCEI ETF Issued by BLS,BLS,HSCEI ETF,HANG SENG CHINA ENTERPRISES INDEX ETF (2828),The Stock Exchange of Hong Kong Limited,2828.HK,23.9,84.16,,,,HKD,4.2752,HKDTHB=X,15 : 1,15.0,23.98672213333333,-0.36154224345984476,83.8557260479042,0.0,Day Session Only,ok,exchange_rule_hk,SET official DR market data,https://www.set.or.th/en/market/product/dr/quote/HKCE01/factsheet
IONQ03,Depositary Receipt on IONQ Issued by PI,PI,IONQ,"IONQ, INC. (IONQ)",The New York Stock Exchange,IONQ,3.06,45.48,45.3,Postmarket,1790380764,USD,33.52,USDTHB=X,500 : 1,500.0,3.0489792000000002,0.36145868099066725,45.64439140811455,2.0,Day & Night Session,ok,same_as_set_underlying,SET official DR market data,https://www.set.or.th/en/market/product/dr/quote/IONQ03/factsheet
IONQ23,Depositary Receipt on IONQ Issued by INVX,INVX,IONQ,"IONQ, INC. (IONQ)",The New York Stock Exchange,IONQ,3.06,45.48,45.3,Postmarket,1790380764,USD,33.52,USDTHB=X,500 : 1,500.0,3.0489792000000002,0.36145868099066725,45.64439140811455,0.657895,Day & Night Session,ok,same_as_set_underlying,SET official DR market data,https://www.set.or.th/en/market/product/dr/quote/IONQ23/factsheet
DELL19,Depositary Receipt on DELL Issued by YUANTA,YUANTA,DELL,DELL TECHNOLOGIES INC. (DELL),The New York Stock Exchange,DELL,18.8,562.89,563.2263,Postmarket,1790380728,USD,33.52,USDTHB=X,"1,000 : 1",1000.0,18.8680728,-0.3607830048228289,560.8591885441527,2.173913,Day & Night Session,ok,same_as_set_underlying,SET official DR market data,https://www.set.or.th/en/market/product/dr/quote/DELL19/factsheet
SIL03,Depositary Receipt on SIL ETF Issued by PI,PI,SIL ETF,GLOBAL X SILVER MINERS ETF (SIL),The New York Stock Exchange Archipelago,SIL,3.08,91.56,91.4,Postmarket,1790380741,USD,33.52,USDTHB=X,"1,000 : 1",1000.0,3.0690912000000004,0.35544072460276244,91.88544152744629,-0.645161,Day & Night Session,ok,same_as_set_underlying,SET official DR market data,https://www.set.or.th/en/market/product/dr/quote/SIL03/factsheet
AMAT01,Depositary Receipt on AMAT Issued by BLS,BLS,AMAT,"APPLIED MATERIALS, INC. (AMAT)",The Nasdaq Stock Market,AMAT,4.5,485.0,485.8507,Postmarket,1790380799,USD,33.52,USDTHB=X,"3,600 : 1",3600.0,4.515888888888889,-0.35184410599611304,483.2935560859188,0.896861,Day & Night Session,ok,same_as_set_underlying,SET official DR market data,https://www.set.or.th/en/market/product/dr/quote/AMAT01/factsheet
PLTR01,Depositary Receipt on PLTR Issued by BLS,BLS,PLTR,PALANTIR TECHNOLOGIES INC. (PLTR),The Nasdaq Stock Market,PLTR,5.8,189.67,189.6531,Postmarket,1790380799,USD,33.52,USDTHB=X,"1,100 : 1",1100.0,5.779762181818182,0.3501496695743178,190.3341288782816,-0.854701,Day & Night Session,ok,same_as_set_underlying,SET official DR market data,https://www.set.or.th/en/market/product/dr/quote/PLTR01/factsheet
NVDA23,Depositary Receipt on NVDA Issued by INVX,INVX,NVDA,NVIDIA CORPORATION (NVDA),The Nasdaq Global Select Market,NVDA,3.58,225.07,225.0,Postmarket,1790380795,USD,33.52,USDTHB=X,"2,100 : 1",2100.0,3.592545904761905,-0.34922044406656694,224.28400954653935,-0.555556,Day & Night Session,ok,same_as_set_underlying,SET official DR market data,https://www.set.or.th/en/market/product/dr/quote/NVDA23/factsheet
SNOW06,Depositary Receipt on SNOW Issued by KKPS,KKPS,SNOW,"SNOWFLAKE, INC. (SNOW)",The New York Stock Exchange,SNOW,5.65,335.94,336.7463,Postmarket,1790376048,USD,33.52,USDTHB=X,"2,000 : 1",2000.0,5.6303544,0.34892297365864966,337.1121718377088,0.892857,Day & Night Session,ok,same_as_set_underlying,SET official DR market data,https://www.set.or.th/en/market/product/dr/quote/SNOW06/factsheet
AMZN23,Depositary Receipt on AMZN Issued by INVX,INVX,AMZN,"AMAZON.COM, INC. (AMZN)",The Nasdaq Stock Market,AMZN,2.78,249.67,249.9799,Postmarket,1790380799,USD,33.52,USDTHB=X,"3,000 : 1",3000.0,2.7896461333333336,-0.34578340306581357,248.8066825775656,-0.714286,Day & Night Session,ok,same_as_set_underlying,SET official DR market data,https://www.set.or.th/en/market/product/dr/quote/AMZN23/factsheet
JPMUS06,Depositary Receipt on JPMUS Issued by KKPS,KKPS,JPMUS,JP MORGAN CHASE & CO. (JPM),The New York Stock Exchange,JPM,3.82,343.06,343.1,Postmarket,1790379339,USD,33.52,USDTHB=X,"3,000 : 1",3000.0,3.8331237333333337,-0.34237698144748974,341.8854415274463,1.058201,Day & Night Session,ok,manual_underlying,SET official DR market data,https://www.set.or.th/en/market/product/dr/quote/JPMUS06/factsheet
SP50001,Depositary Receipt on SP500HK ETF Issued by BLS,BLS,SP500HK ETF,HANG SENG S&P 500 INDEX ETF (3195),The Stock Exchange of Hong Kong Limited,3195.HK,26.25,12.24,,,,HKD,4.2752,HKDTHB=X,2 : 1,2.0,26.164224,0.3278369731126052,12.280127245508982,0.0,Day Session Only,ok,exchange_rule_hk,SET official DR market data,https://www.set.or.th/en/market/product/dr/quote/SP50001/factsheet
MICRON01,Depositary Receipt on MICRON Issued by BLS,BLS,MICRON,"MICRON TECHNOLOGY, INC. (MU)",The Nasdaq Stock Market,MU,22.6,1082.28,1085.02,Postmarket,1790380799,USD,33.52,USDTHB=X,"1,600 : 1",1600.0,22.673766,-0.32533633803929485,1078.758949880668,-0.877193,Day & Night Session,ok,same_as_set_underlying,SET official DR market data,https://www.set.or.th/en/market/product/dr/quote/MICRON01/factsheet
FCX23,Depositary Receipt on FCX Issued by INVX,INVX,FCX,FREEPORT-MCMORAN INC (FCX),The New York Stock Exchange,FCX,3.02,72.31,72.31,Postmarket,1790379606,USD,33.52,USDTHB=X,800 : 1,800.0,3.029789,-0.3230918060630694,72.0763723150358,0.0,Day & Night Session,ok,same_as_set_underlying,SET official DR market data,https://www.set.or.th/en/market/product/dr/quote/FCX23/factsheet
HORIZON23,Depositary Receipt on HORIZON Issued by INVX,INVX,HORIZON,HORIZON ROBOTICS (9660),The Stock Exchange of Hong Kong Limited,9660.HK,1.08,4.055,,,,HKD,4.2752,HKDTHB=X,16 : 1,16.0,1.0834959999999998,-0.32265924378122035,4.041916167664671,0.0,Day Session Only,ok,exchange_rule_hk,SET official DR market data,https://www.set.or.th/en/market/product/dr/quote/HORIZON23/factsheet
TSEMI23,Depositary Receipt on TSEMI Issued by INVX,INVX,TSEMI,TOWER SEMICONDUCTOR LTD. (TSEM),The Nasdaq Stock Market,TSEM,7.75,230.47,231.0171,Postmarket,1790380739,USD,33.52,USDTHB=X,"1,000 : 1",1000.0,7.725354400000001,0.31902225741253787,231.2052505966587,4.026846,Day & Night Session,ok,same_as_set_underlying,SET official DR market data,https://www.set.or.th/en/market/product/dr/quote/TSEMI23/factsheet
TSEMI80,Depositary Receipt on TSEMI Issued by KTB,KTB,TSEMI,TOWER SEMICONDUCTOR LTD. (TSEM),The Nasdaq Stock Market,TSEM,3.1,230.47,231.0171,Postmarket,1790380739,USD,33.52,USDTHB=X,"2,500 : 1",2500.0,3.0901417600000003,0.31902225741253787,231.2052505966587,3.333333,Day & Night Session,ok,same_as_set_underlying,SET official DR market data,https://www.set.or.th/en/market/product/dr/quote/TSEMI80/factsheet
SPACEX23,Depositary Receipt on SPACEX Issued by INVX,INVX,SPACEX,SPACE EXPLORATION TECHNOLOGIES CORP. (SPCX),The Nasdaq Stock Market,SPCX,4.14,148.68,148.78,Postmarket,1790380793,USD,33.52,USDTHB=X,"1,200 : 1",1200.0,4.153128000000001,-0.31609909446568274,148.21002386634842,-0.480769,Day & Night Session,ok,same_as_set_underlying,SET official DR market data,https://www.set.or.th/en/market/product/dr/quote/SPACEX23/factsheet
KUAISH11,Depositary Receipt on KUAISH Issued by KS,KS,KUAISH,KUAISHOU TECHNOLOGY (1024),The Stock Exchange of Hong Kong Limited,1024.HK,2.58,30.08,,,,HKD,4.2752,HKDTHB=X,50 : 1,50.0,2.57196032,0.3125895814753532,30.174026946107784,0.0,Day Session Only,ok,exchange_rule_hk,SET official DR market data,https://www.set.or.th/en/market/product/dr/quote/KUAISH11/factsheet
OXY03,Depositary Receipt on OXY Issued by PI,PI,OXY,OCCIDENTAL PETROLEUM CORPORATION (OXY),The New York Stock Exchange,OXY,1.9,56.86,56.8223,Postmarket,1790380505,USD,33.52,USDTHB=X,"1,000 : 1",1000.0,1.9059472000000002,-0.31203382758978604,56.68257756563245,-1.041667,Day & Night Session,ok,same_as_set_underlying,SET official DR market data,https://www.set.or.th/en/market/product/dr/quote/OXY03/factsheet
WDC03,Depositary Receipt on WDC Issued by PI,PI,WDC,WESTERN DIGITAL CORPORATION (WDC),The Nasdaq Stock Market,WDC,1.92,456.81,455.57,Postmarket,1790380769,USD,33.52,USDTHB=X,"8,000 : 1",8000.0,1.9140339000000002,0.31170294319238234,458.2338902147971,-0.518135,Day & Night Session,ok,same_as_set_underlying,SET official DR market data,https://www.set.or.th/en/market/product/dr/quote/WDC03/factsheet
IQQ23,Depositary Receipt on IQQ ETF Issued by INVX,INVX,IQQ ETF,ISHARES NASDAQ 100 ETF (IQQ),The Nasdaq Stock Market,IQQ,12.1,25.19,25.25,Postmarket,1790380713,USD,33.52,USDTHB=X,70 : 1,70.0,12.06241142857143,0.31161738804179606,25.26849642004773,-0.819672,Day & Night Session,ok,same_as_set_underlying,SET official DR market data,https://www.set.or.th/en/market/product/dr/quote/IQQ23/factsheet
TOYOTA80,Depositary Receipt on TOYOTA Issued by KTB,KTB,TOYOTA,TOYOTA MOTOR CORPORATION (7203),Tokyo Stock Exchange,7203.T,6.35,3013.0,,,,JPY,0.2101,JPYTHB=X,100 : 1,100.0,6.330313,0.31099568062431526,3022.3702998572107,0.0,Day Session Only,ok,manual_underlying,SET official DR market data,https://www.set.or.th/en/market/product/dr/quote/TOYOTA80/factsheet
NOW23,Depositary Receipt on NOW Issued by INVX,INVX,NOW,"SERVICENOW, INC. (NOW)",The New York Stock Exchange,NOW,3.04,135.62,135.5961,Postmarket,1790380525,USD,33.52,USDTHB=X,"1,500 : 1",1500.0,3.030654933333334,0.30835139176956794,136.03818615751788,-0.653595,Day & Night Session,ok,same_as_set_underlying,SET official DR market data,https://www.set.or.th/en/market/product/dr/quote/NOW23/factsheet
NOW19,Depositary Receipt on NOW Issued by YUANTA,YUANTA,NOW,"SERVICENOW, INC. (NOW)",The New York Stock Exchange,NOW,4.56,135.62,135.5961,Postmarket,1790380525,USD,33.52,USDTHB=X,"1,000 : 1",1000.0,4.545982400000001,0.30835139176954574,136.03818615751788,-0.436681,Day & Night Session,ok,same_as_set_underlying,SET official DR market data,https://www.set.or.th/en/market/product/dr/quote/NOW19/factsheet
CRDO80,Depositary Receipt on CRDO Issued by KTB,KTB,CRDO,CREDO TECHNOLOGY GROUP HOLDING LTD. (CRDO),The Nasdaq Stock Market,CRDO,2.82,210.97,210.0992,Postmarket,1790380798,USD,33.52,USDTHB=X,"2,500 : 1",2500.0,2.8286857600000004,-0.3070599118086714,210.32219570405726,5.223881,Day & Night Session,ok,same_as_set_underlying,SET official DR market data,https://www.set.or.th/en/market/product/dr/quote/CRDO80/factsheet
SINOBIO19,Depositary Receipt on SINOBIO Issued by YUANTA,YUANTA,SINOBIO,SINO BIOPHARMACEUTICAL LIMITED (1177.HK),The Stock Exchange of Hong Kong Limited,1177.HK,4.76,5.55,,,,HKD,4.2752,HKDTHB=X,5 : 1,5.0,4.7454719999999995,0.30614446782111226,5.566991017964071,0.0,Day Session Only,ok,exchange_rule_explicit_code,SET official DR market data,https://www.set.or.th/en/market/product/dr/quote/SINOBIO19/factsheet
COIN23,Depositary Receipt on COIN Issued by INVX,INVX,COIN,"COINBASE GLOBAL, INC. (COIN)",The Nasdaq Stock Market,COIN,3.28,195.11,195.0301,Postmarket,1790380773,USD,33.52,USDTHB=X,"2,000 : 1",2000.0,3.2700436000000006,0.30447300458009696,195.70405727923625,-1.796407,Day & Night Session,ok,same_as_set_underlying,SET official DR market data,https://www.set.or.th/en/market/product/dr/quote/COIN23/factsheet
MSN19,Depositary Receipt on MSN Issued by YUANTA,YUANTA,MSN,MASAN GROUP CORPORATION (MSN),Hochiminh Stock Exchange,MSN.VN,3.02,69900.0,,,,VND,0.0012922227146461723,Google Finance THB-VND inverted,30 : 1,30.0,3.0108789251255814,0.3029372851330425,70111.753162308,0.0,Day Session Only,ok,exchange_rule_vietnam,SET official DR market data,https://www.set.or.th/en/market/product/dr/quote/MSN19/factsheet
KLAC19,Depositary Receipt on KLAC Issued by YUANTA,YUANTA,KLAC,KLA CORPORATION (KLAC),The Nasdaq Stock Market,KLAC,3.14,187.92,188.21,Postmarket,1790380799,USD,33.52,USDTHB=X,"2,000 : 1",2000.0,3.1495392,-0.30287605247141247,187.35083532219568,-1.875,Day & Night Session,ok,same_as_set_underlying,SET official DR market data,https://www.set.or.th/en/market/product/dr/quote/KLAC19/factsheet
MSFT19,Depositary Receipt on MSFT Issued by YUANTA,YUANTA,MSFT,MICROSOFT CORPORATION (MSFT),The Nasdaq Global Select Market,MSFT,5.75,516.17,517.89,Postmarket,1790380795,USD,33.52,USDTHB=X,"3,000 : 1",3000.0,5.767339466666667,-0.30064931615146895,514.6181384248209,3.603604,Day & Night Session,ok,same_as_set_underlying,SET official DR market data,https://www.set.or.th/en/market/product/dr/quote/MSFT19/factsheet
META06,Depositary Receipt on META Issued by KKPS,KKPS,META,"META PLATFORMS, INC. (META)",The Nasdaq Stock Market,META,3.14,751.66,747.82,Postmarket,1790380799,USD,33.52,USDTHB=X,"8,000 : 1",8000.0,3.1494554000000003,-0.30022333385004707,749.4033412887827,-3.08642,Day & Night Session,ok,same_as_set_underlying,SET official DR market data,https://www.set.or.th/en/market/product/dr/quote/META06/factsheet
META80,Depositary Receipt on META Issued by KTB,KTB,META,"META PLATFORMS, INC. (META)",The Nasdaq Stock Market,META,3.14,751.66,747.82,Postmarket,1790380799,USD,33.52,USDTHB=X,"8,000 : 1",8000.0,3.1494554000000003,-0.30022333385004707,749.4033412887827,-3.680982,Day & Night Session,ok,same_as_set_underlying,SET official DR market data,https://www.set.or.th/en/market/product/dr/quote/META80/factsheet
CDNS23,Depositary Receipt on CDNS Issued by INVX,INVX,CDNS,"CADENCE DESIGN SYSTEMS, INC. (CDNS)",The Nasdaq Stock Market,CDNS,5.45,326.13,325.75,Postmarket,1790380772,USD,33.52,USDTHB=X,"2,000 : 1",2000.0,5.465938800000001,-0.29160224040563065,325.17899761336514,0.0,Day & Night Session,ok,same_as_set_underlying,SET official DR market data,https://www.set.or.th/en/market/product/dr/quote/CDNS23/factsheet
GOOG06,Depositary Receipt on GOOG Issued by KKPS,KKPS,GOOG,ALPHABET INC. (GOOG),The Nasdaq Global Select Market,GOOG,3.8,341.08,341.12,Postmarket,1790380789,USD,33.52,USDTHB=X,"3,000 : 1",3000.0,3.811000533333334,-0.2886521068973025,340.0954653937947,0.0,Day & Night Session,ok,same_as_set_underlying,SET official DR market data,https://www.set.or.th/en/market/product/dr/quote/GOOG06/factsheet
GOOG80,Depositary Receipt on GOOG Issued by KTB,KTB,GOOG,ALPHABET INC. (GOOG),The Nasdaq Global Select Market,GOOG,5.7,341.08,341.12,Postmarket,1790380789,USD,33.52,USDTHB=X,"2,000 : 1",2000.0,5.7165008,-0.28865210689729137,340.0954653937947,0.0,Day & Night Session,ok,same_as_set_underlying,SET official DR market data,https://www.set.or.th/en/market/product/dr/quote/GOOG80/factsheet
AAPL03,Depositary Receipt on AAPL Issued by PI,PI,AAPL,APPLE INC. (AAPL),The Nasdaq Global Select Market,AAPL,3.8,341.07,341.4603,Postmarket,1790380798,USD,33.52,USDTHB=X,"3,000 : 1",3000.0,3.8108888,-0.285728620577963,340.0954653937947,1.06383,Day & Night Session,ok,same_as_set_underlying,SET official DR market data,https://www.set.or.th/en/market/product/dr/quote/AAPL03/factsheet
AAPL80,Depositary Receipt on AAPL Issued by KTB,KTB,AAPL,APPLE INC. (AAPL),The Nasdaq Global Select Market,AAPL,11.4,341.07,341.4603,Postmarket,1790380798,USD,33.52,USDTHB=X,"1,000 : 1",1000.0,11.4326664,-0.285728620577963,340.0954653937947,1.785714,Day & Night Session,ok,same_as_set_underlying,SET official DR market data,https://www.set.or.th/en/market/product/dr/quote/AAPL80/factsheet
GASVN11,Depositary Receipt on GASVN Issued by KS,KS,GASVN,PETROVIETNAM GAS JOINT STOCK CORPORATION (GAS),Hochiminh Stock Exchange,GAS.VN,4.18,81100.0,,,,VND,0.0012922227146461723,Google Finance THB-VND inverted,25 : 1,25.0,4.191970486312183,-0.2855575045499492,80868.41286381,0.0,Day Session Only,ok,exchange_rule_vietnam,SET official DR market data,https://www.set.or.th/en/market/product/dr/quote/GASVN11/factsheet
TENCENT13,Depositary Receipt on TENCENT Issued by KGI,KGI,TENCENT,TENCENT HOLDINGS LIMITED (700),The Stock Exchange of Hong Kong Limited,0700.HK,3.76,441.0,,,,HKD,4.2752,HKDTHB=X,500 : 1,500.0,3.7707264,-0.2844650834385676,439.7455089820359,0.0,Day Session Only,ok,manual_underlying,SET official DR market data,https://www.set.or.th/en/market/product/dr/quote/TENCENT13/factsheet
BKNG80,Depositary Receipt on BKNG Issued by KTB,KTB,BKNG,BOOKING HOLDINGS INC. (BKNG),The Nasdaq Stock Market,BKNG,2.74,163.95,164.55,Postmarket,1790380778,USD,33.52,USDTHB=X,"2,000 : 1",2000.0,2.747802,-0.28393603323674244,163.48448687350833,3.007519,Day & Night Session,ok,same_as_set_underlying,SET official DR market data,https://www.set.or.th/en/market/product/dr/quote/BKNG80/factsheet
BE03,Depositary Receipt on BE Issued by PI,PI,BE,BLOOM ENERGY CORPORATION (BE),The New York Stock Exchange,BE,1.93,288.7,289.0,Postmarket,1790380754,USD,33.52,USDTHB=X,"5,000 : 1",5000.0,1.9354448,-0.2813203455867108,287.88782816229116,6.043956,Day & Night Session,ok,same_as_set_underlying,SET official DR market data,https://www.set.or.th/en/market/product/dr/quote/BE03/factsheet
CCJ23,Depositary Receipt on CCJ Issued by INVX,INVX,CCJ,CAMECO CORPORATION (CCJ),The New York Stock Exchange,CCJ,1.84,88.07,88.18,Postmarket,1790379012,USD,33.52,USDTHB=X,"1,600 : 1",1600.0,1.8450665000000002,-0.2745971486664667,87.82816229116945,-1.075269,Day & Night Session,ok,same_as_set_underlying,SET official DR market data,https://www.set.or.th/en/market/product/dr/quote/CCJ23/factsheet
PYPL06,Depositary Receipt on PYPL Issued by KKPS,KKPS,PYPL,"PAYPAL HOLDINGS, INC. (PYPL)",The Nasdaq Stock Market,PYPL,3.7,55.04,55.2662,Postmarket,1790380789,USD,33.52,USDTHB=X,500 : 1,500.0,3.6898816,0.27422018094023226,55.190930787589494,5.714286,Day & Night Session,ok,same_as_set_underlying,SET official DR market data,https://www.set.or.th/en/market/product/dr/quote/PYPL06/factsheet
MNST06,Depositary Receipt on MNST Issued by KKPS,KKPS,MNST,MONSTER BEVERAGE CORPORATION (MNST),The Nasdaq Stock Market,MNST,4.14,43.11,42.94,Postmarket,1790380023,USD,33.52,USDTHB=X,350 : 1,350.0,4.128706285714286,0.2735412379609281,43.22792362768496,1.970443,Day & Night Session,ok,same_as_set_underlying,SET official DR market data,https://www.set.or.th/en/market/product/dr/quote/MNST06/factsheet
SPBOND80,Depositary Receipt on SPBOND ETF Issued by KTB,KTB,SPBOND ETF,STATE STREET SPDR PORTFOLIO AGGREATE BOND ETF (SPAB),The New York Stock Exchange Archipelago,SPAB,8.2,24.53,25.02,Postmarket,1790371499,USD,33.52,USDTHB=X,100 : 1,100.0,8.222456000000001,-0.27310574845279545,24.463007159904528,-0.606061,Day & Night Session,ok,same_as_set_underlying,SET official DR market data,https://www.set.or.th/en/market/product/dr/quote/SPBOND80/factsheet
UBER06,Depositary Receipt on UBER Issued by KKPS,KKPS,UBER,"UBER TECHNOLOGIES,INC. (UBER)",The New York Stock Exchange,UBER,2.34,69.62,69.66,Postmarket,1790380777,USD,33.52,USDTHB=X,"1,000 : 1",1000.0,2.3336624,0.2715731290009904,69.80906921241049,0.0,Day & Night Session,ok,same_as_set_underlying,SET official DR market data,https://www.set.or.th/en/market/product/dr/quote/UBER06/factsheet
PEP80,Depositary Receipt on PEP Issued by KTB,KTB,PEP,"PEPSICO, INC. (PEP)",The Nasdaq Stock Market,PEP,0.86,128.63,128.75,Postmarket,1790380787,USD,33.52,USDTHB=X,"5,000 : 1",5000.0,0.86233552,-0.27083657646388426,128.2816229116945,0.0,Day & Night Session,ok,same_as_set_underlying,SET official DR market data,https://www.set.or.th/en/market/product/dr/quote/PEP80/factsheet
ORCL01,Depositary Receipt on ORCL Issued by BLS,BLS,ORCL,ORACLE CORPORATION (ORCL),The New York Stock Exchange,ORCL,2.88,137.1,137.04,Postmarket,1790380796,USD,33.52,USDTHB=X,"1,600 : 1",1600.0,2.8722450000000004,0.26999785881773875,137.47016706443912,-1.369863,Day & Night Session,ok,same_as_set_underlying,SET official DR market data,https://www.set.or.th/en/market/product/dr/quote/ORCL01/factsheet
AAOI03,Depositary Receipt on AAOI Issued by PI,PI,AAOI,APPLIED OPTOELECTRONICS INC. (AAOI),The Nasdaq Stock Market,AAOI,1.13,101.4,101.59,Postmarket,1790380774,USD,33.52,USDTHB=X,"3,000 : 1",3000.0,1.1329760000000002,-0.2626710539323285,101.13365155131262,-0.877193,Day & Night Session,ok,same_as_set_underlying,SET official DR market data,https://www.set.or.th/en/market/product/dr/quote/AAOI03/factsheet
ALAB01,Depositary Receipt on ALAB Issued by BLS,BLS,ALAB,"ASTERA LABS, INC. (ALAB)",The Nasdaq Stock Market,ALAB,5.3,364.62,364.6,Postmarket,1790380785,USD,33.52,USDTHB=X,"2,300 : 1",2300.0,5.313940173913044,-0.2623321576234239,363.6634844868735,-0.934579,Day & Night Session,ok,same_as_set_underlying,SET official DR market data,https://www.set.or.th/en/market/product/dr/quote/ALAB01/factsheet
NVTS23,Depositary Receipt on NVTS Issued by INVX,INVX,NVTS,NAVITAS SEMICONDUCTOR CORPORATION (NVTS),The Nasdaq Stock Market,NVTS,4.1,12.2,12.1999,Postmarket,1790380716,USD,33.52,USDTHB=X,100 : 1,100.0,4.08944,0.2582260651825097,12.231503579952264,0.490196,Day & Night Session,ok,same_as_set_underlying,SET official DR market data,https://www.set.or.th/en/market/product/dr/quote/NVTS23/factsheet
BRKB80,Depositary Receipt on BRKB Issued by KTB,KTB,BRKB,BERKSHIRE HATHAWAY INC. (BRK.B),The New York Stock Exchange,BRK-B,1.69,505.48,505.5583,Postmarket,1790380581,USD,33.52,USDTHB=X,"10,000 : 1",10000.0,1.6943689600000003,-0.2578517491255483,504.1766109785202,0.595238,Day & Night Session,ok,manual_underlying,SET official DR market data,https://www.set.or.th/en/market/product/dr/quote/BRKB80/factsheet
NEM06,Depositary Receipt on NEM Issued by KKPS,KKPS,NEM,NEWMONT CORPORATION (NEM),The New York Stock Exchange,NEM,4.06,121.43,121.4003,Postmarket,1790376880,USD,33.52,USDTHB=X,"1,000 : 1",1000.0,4.0703336000000006,-0.2538759967979254,121.12171837708829,0.0,Day & Night Session,ok,same_as_set_underlying,SET official DR market data,https://www.set.or.th/en/market/product/dr/quote/NEM06/factsheet
REMX03,Depositary Receipt on REMX ETF Issued by PI,PI,REMX ETF,VANECK RARE EARTH AND STRATEGIC METALS ETF (REMX),The New York Stock Exchange Archipelago,REMX,2.24,66.66,67.9,Postmarket,1790369229,USD,33.52,USDTHB=X,"1,000 : 1",1000.0,2.2344432000000003,0.24868835332221284,66.82577565632458,-0.884956,Day & Night Session,ok,same_as_set_underlying,SET official DR market data,https://www.set.or.th/en/market/product/dr/quote/REMX03/factsheet
FTNT03,Depositary Receipt on FTNT Issued by PI,PI,FTNT,FORTINET INC. (FTNT),The Nasdaq Stock Market,FTNT,2.9,173.46,173.55,Postmarket,1790380719,USD,33.52,USDTHB=X,"2,000 : 1",2000.0,2.9071896000000006,-0.24730413179796518,173.03102625298328,-3.333333,Day & Night Session,ok,same_as_set_underlying,SET official DR market data,https://www.set.or.th/en/market/product/dr/quote/FTNT03/factsheet
POPMART23,Depositary Receipt on POPMART Issued by INVX,INVX,POPMART,POP MART INTERNATIONAL GROUP LTD. (9992),The Stock Exchange of Hong Kong Limited,9992.HK,1.55,151.9,,,,HKD,4.2752,HKDTHB=X,420 : 1,420.0,1.5461973333333332,0.24593669803252283,152.27357784431138,0.0,Day Session Only,ok,exchange_rule_hk,SET official DR market data,https://www.set.or.th/en/market/product/dr/quote/POPMART23/factsheet
QQQM19,Depositary Receipt on INVESCO NDAQ100 ETF Issued by YUANTA,YUANTA,INVESCO NDAQ100 ETF,INVESCO NASDAQ 100 ETF (QQQM),The Nasdaq Stock Market,QQQM,20.5,306.54,306.8,Postmarket,1790380773,USD,33.52,USDTHB=X,500 : 1,500.0,20.550441600000003,-0.2454526329984219,305.78758949880665,0.0,Day & Night Session,ok,same_as_set_underlying,SET official DR market data,https://www.set.or.th/en/market/product/dr/quote/QQQM19/factsheet
GOOGL19,Depositary Receipt on GOOGL Issued by YUANTA,YUANTA,GOOGL,ALPHABET INC. (GOOGL),The Nasdaq Stock Market,GOOGL,5.75,343.92,344.0,Postmarket,1790380796,USD,33.52,USDTHB=X,"2,000 : 1",2000.0,5.7640992,-0.24460370147689758,343.07875894988064,0.0,Day & Night Session,ok,same_as_set_underlying,SET official DR market data,https://www.set.or.th/en/market/product/dr/quote/GOOGL19/factsheet
NVDA19,Depositary Receipt on NVDA Issued by YUANTA,YUANTA,NVDA,NVIDIA CORPORATION (NVDA),The Nasdaq Global Select Market,NVDA,30.25,225.07,225.0,Postmarket,1790380795,USD,33.52,USDTHB=X,250 : 1,250.0,30.1773856,0.24062521837544537,225.61157517899758,0.0,Day & Night Session,ok,same_as_set_underlying,SET official DR market data,https://www.set.or.th/en/market/product/dr/quote/NVDA19/factsheet
CSCO06,Depositary Receipt on CSCO Issued by KKPS,KKPS,CSCO,"CISCO SYSTEMS, INC (CSCO)",The Nasdaq Stock Market,CSCO,4.46,106.7,106.89,Postmarket,1790380776,USD,33.52,USDTHB=X,800 : 1,800.0,4.4707300000000005,-0.24000554719253442,106.44391408114558,0.45045,Day & Night Session,ok,same_as_set_underlying,SET official DR market data,https://www.set.or.th/en/market/product/dr/quote/CSCO06/factsheet
INDIAESG19,Depositary Receipt on IS INDIA CLIMATE ETF Issued by YUANTA,YUANTA,IS INDIA CLIMATE ETF,ISHARES MSCI INDIA CLIMATE TRANSITION ETF (QK9),Singapore Exchange,QK9.SI,4.1,15.59,,,,SGD,26.2379,SGDTHB=X,100 : 1,100.0,4.0904886099999995,0.23252454429887326,15.626250576456194,0.0,Day Session Only,ok,exchange_rule_singapore,SET official DR market data,https://www.set.or.th/en/market/product/dr/quote/INDIAESG19/factsheet
ADVANT80,Depositary Receipt on ADVANT Issued by KTB,KTB,ADVANT,ADVANTEST CORPORATION (6857),Tokyo Stock Exchange,6857.T,7.2,34190.0,,,,JPY,0.2101,JPYTHB=X,"1,000 : 1",1000.0,7.183319,0.23221856080732906,34269.395525940025,0.0,Day Session Only,ok,manual_underlying,SET official DR market data,https://www.set.or.th/en/market/product/dr/quote/ADVANT80/factsheet
NVTS03,Depositary Receipt on NVTS Issued by PI,PI,NVTS,NAVITAS SEMICONDUCTOR CORPORATION (NVTS),The Nasdaq Stock Market,NVTS,4.08,12.2,12.1999,Postmarket,1790380716,USD,33.52,USDTHB=X,100 : 1,100.0,4.08944,-0.23083845220860377,12.171837708830548,0.990099,Day & Night Session,ok,same_as_set_underlying,SET official DR market data,https://www.set.or.th/en/market/product/dr/quote/NVTS03/factsheet
PINGAN11,Depositary Receipt on PINGAN Issued by KS,KS,PINGAN,"PING AN INSURANCE (GROUP) COMPANY OF CHINA, LIMITED (H SHARES)(2318)",The Stock Exchange of Hong Kong Limited,2318.HK,4.5,52.75,,,,HKD,4.2752,HKDTHB=X,50 : 1,50.0,4.510336,-0.22916252802451798,52.629116766467064,0.0,Day Session Only,ok,manual_underlying,SET official DR market data,https://www.set.or.th/en/market/product/dr/quote/PINGAN11/factsheet
ADBE03,Depositary Receipt on ADBE Issued by PI,PI,ADBE,"ADOBE, INC. (ADBE)",The Nasdaq Stock Market,ADBE,1.75,235.47,235.69,Postmarket,1790380693,USD,33.52,USDTHB=X,"4,500 : 1",4500.0,1.7539898666666667,-0.2274737581152153,234.93436754176608,-1.685393,Day & Night Session,ok,same_as_set_underlying,SET official DR market data,https://www.set.or.th/en/market/product/dr/quote/ADBE03/factsheet
APPL03,Depositary Receipt on APPL Issued by PI,PI,APPL,APPLOVIN CORPORATION (APP),The Nasdaq Stock Market,APP,1.74,310.75,311.0924,Postmarket,1790380794,USD,33.52,USDTHB=X,"6,000 : 1",6000.0,1.7360566666666666,0.22714312320835095,311.4558472553699,-1.136364,Day & Night Session,ok,same_as_set_underlying,SET official DR market data,https://www.set.or.th/en/market/product/dr/quote/APPL03/factsheet
MRVL80,Depositary Receipt on MRVL Issued by KTB,KTB,MRVL,"MARVELL TECHNOLOGY, INC. (MRVL)",The Nasdaq Stock Market,MRVL,8.8,261.935,262.5267,Postmarket,1790380781,USD,33.52,USDTHB=X,"1,000 : 1",1000.0,8.7800612,0.22709181115958543,262.5298329355608,-0.564972,Day & Night Session,ok,same_as_set_underlying,SET official DR market data,https://www.set.or.th/en/market/product/dr/quote/MRVL80/factsheet
AVGO80,Depositary Receipt on AVGO Issued by KTB,KTB,AVGO,BROADCOM INC. (AVGO),The Nasdaq Stock Market,AVGO,2.36,352.81,353.6991,Postmarket,1790380786,USD,33.52,USDTHB=X,"5,000 : 1",5000.0,2.36523824,-0.22146775370924798,352.0286396181384,0.0,Day & Night Session,ok,same_as_set_underlying,SET official DR market data,https://www.set.or.th/en/market/product/dr/quote/AVGO80/factsheet
NIKKEI80,Depositary Receipt on NIKKEI ETF Issued by KTB,KTB,NIKKEI ETF,NEXT FUNDS NIKKEI 225 EXCHANGE TRADED FUND (1321),Tokyo Stock Exchange,1321.T,14.4,68690.0,,,,JPY,0.2101,JPYTHB=X,"1,000 : 1",1000.0,14.431769000000001,-0.22013240372681375,68538.79105188005,0.0,Day Session Only,ok,exchange_rule_tokyo,SET official DR market data,https://www.set.or.th/en/market/product/dr/quote/NIKKEI80/factsheet
PINGAN80,Depositary Receipt on PINGAN Issued by KTB,KTB,PINGAN,"PING AN INSURANCE (GROUP) COMPANY OF CHINA, LIMITED (H SHARES)(2318)",The Stock Exchange of Hong Kong Limited,2318.HK,2.26,52.75,,,,HKD,4.2752,HKDTHB=X,100 : 1,100.0,2.255168,0.21426341629537937,52.8630239520958,0.0,Day Session Only,ok,manual_underlying,SET official DR market data,https://www.set.or.th/en/market/product/dr/quote/PINGAN80/factsheet
LOREAL80,Depositary Receipt on LOREAL Issued by KTB,KTB,LOREAL,L'OREAL SA (OR),Euronext Paris,OR.PA,1.46,381.85,,,,EUR,38.155,EURTHB=X,"10,000 : 1",10000.0,1.4569486750000002,0.20943256631875684,382.6497182544883,-1.351351,Day & Night Session,ok,manual_underlying,SET official DR market data,https://www.set.or.th/en/market/product/dr/quote/LOREAL80/factsheet
LITE23,Depositary Receipt on LITE Issued by INVX,INVX,LITE,LUMENTUM HOLDINGS INC. (LITE),The Nasdaq Stock Market,LITE,6.3,941.65,942.01,Postmarket,1790380799,USD,33.52,USDTHB=X,"5,000 : 1",5000.0,6.3128216,-0.20310410799507794,939.7374701670643,-0.787402,Day & Night Session,ok,same_as_set_underlying,SET official DR market data,https://www.set.or.th/en/market/product/dr/quote/LITE23/factsheet
NFLX06,Depositary Receipt on NFLX Issued by KKPS,KKPS,NFLX,"NETFLIX, INC. (NFLX)",The Nasdaq Stock Market,NFLX,2.38,71.145,71.1695,Postmarket,1790380793,USD,33.52,USDTHB=X,"1,000 : 1",1000.0,2.3847804,-0.2004545156442883,71.00238663484487,-0.833333,Day & Night Session,ok,same_as_set_underlying,SET official DR market data,https://www.set.or.th/en/market/product/dr/quote/NFLX06/factsheet
NFLX80,Depositary Receipt on NFLX Issued by KTB,KTB,NFLX,"NETFLIX, INC. (NFLX)",The Nasdaq Stock Market,NFLX,2.38,71.145,71.1695,Postmarket,1790380793,USD,33.52,USDTHB=X,"1,000 : 1",1000.0,2.3847804,-0.2004545156442883,71.00238663484487,-0.833333,Day & Night Session,ok,same_as_set_underlying,SET official DR market data,https://www.set.or.th/en/market/product/dr/quote/NFLX80/factsheet
SYM23,Depositary Receipt on SYM Issued by INVX,INVX,SYM,SYMBOTIC INC. (SYM),The Nasdaq Stock Market,SYM,7.3,43.47,43.58,Postmarket,1790380685,USD,33.52,USDTHB=X,200 : 1,200.0,7.285572000000001,0.19803524006074547,43.556085918854414,-3.311258,Day & Night Session,ok,same_as_set_underlying,SET official DR market data,https://www.set.or.th/en/market/product/dr/quote/SYM23/factsheet
TER01,Depositary Receipt on TER Issued by BLS,BLS,TER,"TERADYNE, INC. (TER)",The Nasdaq Stock Market,TER,4.76,398.38,399.77,Postmarket,1790380585,USD,33.52,USDTHB=X,"2,800 : 1",2800.0,4.769177714285715,-0.1924380854633312,397.61336515513125,0.421941,Day & Night Session,ok,same_as_set_underlying,SET official DR market data,https://www.set.or.th/en/market/product/dr/quote/TER01/factsheet
VST03,Depositary Receipt on VST Issued by PI,PI,VST,VISTRA CORP (VST),The New York Stock Exchange,VST,1.86,138.46,138.7586,Postmarket,1790380782,USD,33.52,USDTHB=X,"2,500 : 1",2500.0,1.8564716800000003,0.19005514805374712,138.72315035799522,-0.534759,Day & Night Session,ok,same_as_set_underlying,SET official DR market data,https://www.set.or.th/en/market/product/dr/quote/VST03/factsheet
PWR03,Depositary Receipt on PWR Issued by PI,PI,PWR,"QUANTA SERVICES, INC. (PWR)",The New York Stock Exchange,PWR,2.18,649.13,649.13,Postmarket,1790371343,USD,33.52,USDTHB=X,"10,000 : 1",10000.0,2.17588376,0.18917554676727288,650.3579952267303,0.0,Day & Night Session,ok,same_as_set_underlying,SET official DR market data,https://www.set.or.th/en/market/product/dr/quote/PWR03/factsheet
COIN01,Depositary Receipt on COIN Issued by BLS,BLS,COIN,"COINBASE GLOBAL, INC. (COIN)",The Nasdaq Stock Market,COIN,4.08,195.11,195.0301,Postmarket,1790380773,USD,33.52,USDTHB=X,"1,600 : 1",1600.0,4.0875545,-0.18481710763734727,194.74940334128877,-2.392344,Day & Night Session,ok,same_as_set_underlying,SET official DR market data,https://www.set.or.th/en/market/product/dr/quote/COIN01/factsheet
UNH19,Depositary Receipt on UNH Issued by YUANTA,YUANTA,UNH,UNITEDHEALTH GROUP INC (UNH),The New York Stock Exchange,UNH,6.3,376.59,377.17,Postmarket,1790380752,USD,33.52,USDTHB=X,"2,000 : 1",2000.0,6.3116484,-0.1845540065254614,375.89498806682576,0.8,Day & Night Session,ok,same_as_set_underlying,SET official DR market data,https://www.set.or.th/en/market/product/dr/quote/UNH19/factsheet
ASML01,Depositary Receipt on ASML Issued by BLS,BLS,ASML,ASML HOLDING N.V. (ASML),Euronext Amsterdam,ASML.AS,48.5,1522.6,,,,EUR,38.155,EURTHB=X,"1,200 : 1",1200.0,48.41233583333333,0.1810781594353772,1525.3570960555628,0.0,Day & Night Session,ok,manual_underlying,SET official DR market data,https://www.set.or.th/en/market/product/dr/quote/ASML01/factsheet
MEITUAN19,Depositary Receipt on MEITUAN Issued by YUANTA,YUANTA,MEITUAN,MEITUAN (3690),The Stock Exchange of Hong Kong Limited,3690.HK,1.02,71.45,,,,HKD,4.2752,HKDTHB=X,300 : 1,300.0,1.0182101333333333,0.17578558767699093,71.5755988023952,0.0,Day Session Only,ok,manual_underlying,SET official DR market data,https://www.set.or.th/en/market/product/dr/quote/MEITUAN19/factsheet
MEITUAN80,Depositary Receipt on MEITUAN Issued by KTB,KTB,MEITUAN,MEITUAN (3690),The Stock Exchange of Hong Kong Limited,3690.HK,3.06,71.45,,,,HKD,4.2752,HKDTHB=X,100 : 1,100.0,3.0546303999999997,0.17578558767699093,71.5755988023952,0.0,Day Session Only,ok,manual_underlying,SET official DR market data,https://www.set.or.th/en/market/product/dr/quote/MEITUAN80/factsheet
LLY23,Depositary Receipt on LLY Issued by INVX,INVX,LLY,ELI LILLY AND COMPANY (LLY),The New York Stock Exchange,LLY,3.96,1183.46,1183.5554,Postmarket,1790379987,USD,33.52,USDTHB=X,"10,000 : 1",10000.0,3.966957920000001,-0.17539686934719967,1181.3842482100238,-0.502513,Day & Night Session,ok,same_as_set_underlying,SET official DR market data,https://www.set.or.th/en/market/product/dr/quote/LLY23/factsheet
SPCOM80,Depositary Receipt on SPCOM ETF Issued by KTB,KTB,SPCOM ETF,STATE STREET COMMUNICATION SERVICES SELECT SECTOR SPDR ETF (XLC),The New York Stock Exchange Archipelago,XLC,3.78,112.96,112.96,Postmarket,1790371795,USD,33.52,USDTHB=X,"1,000 : 1",1000.0,3.7864192,-0.16953220604840613,112.76849642004773,-2.072539,Day & Night Session,ok,same_as_set_underlying,SET official DR market data,https://www.set.or.th/en/market/product/dr/quote/SPCOM80/factsheet
DELL23,Depositary Receipt on DELL Issued by INVX,INVX,DELL,DELL TECHNOLOGIES INC. (DELL),The New York Stock Exchange,DELL,3.78,562.89,563.2263,Postmarket,1790380728,USD,33.52,USDTHB=X,"5,000 : 1",5000.0,3.7736145600000004,0.16921283025788103,563.8424821002386,2.717391,Day & Night Session,ok,same_as_set_underlying,SET official DR market data,https://www.set.or.th/en/market/product/dr/quote/DELL23/factsheet
ANET23,Depositary Receipt on ANET Issued by INVX,INVX,ANET,"ARISTA NETWORKS, INC. (ANET)",The New York Stock Exchange,ANET,3.84,206.55,207.0935,Postmarket,1790378676,USD,33.52,USDTHB=X,"1,800 : 1",1800.0,3.8464200000000006,-0.16690844993528797,206.2052505966587,-1.538462,Day & Night Session,ok,same_as_set_underlying,SET official DR market data,https://www.set.or.th/en/market/product/dr/quote/ANET23/factsheet
AMKR03,Depositary Receipt on AMKR Issued by PI,PI,AMKR,AMKOR TECHNOLOGY INC. (AMKR),The Nasdaq Stock Market,AMKR,1.8,53.61,53.7908,Postmarket,1790380744,USD,33.52,USDTHB=X,"1,000 : 1",1000.0,1.7970072000000001,0.16654357311423063,53.69928400954653,-0.552486,Day & Night Session,ok,same_as_set_underlying,SET official DR market data,https://www.set.or.th/en/market/product/dr/quote/AMKR03/factsheet
AMKR23,Depositary Receipt on AMKR Issued by INVX,INVX,AMKR,AMKOR TECHNOLOGY INC. (AMKR),The Nasdaq Stock Market,AMKR,1.8,53.61,53.7908,Postmarket,1790380744,USD,33.52,USDTHB=X,"1,000 : 1",1000.0,1.7970072000000001,0.16654357311423063,53.69928400954653,-1.098901,Day & Night Session,ok,same_as_set_underlying,SET official DR market data,https://www.set.or.th/en/market/product/dr/quote/AMKR23/factsheet
HANSOH19,Depositary Receipt on HANSOH Issued by YUANTA,YUANTA,HANSOH,HANSOH PHARMACEUTICAL GROUP COMPANY LIMITED (3692.HK),The Stock Exchange of Hong Kong Limited,3692.HK,5.75,33.68,,,,HKD,4.2752,HKDTHB=X,25 : 1,25.0,5.75954944,-0.16580185827869132,33.62415793413174,0.0,Day Session Only,ok,exchange_rule_explicit_code,SET official DR market data,https://www.set.or.th/en/market/product/dr/quote/HANSOH19/factsheet
CRWD06,Depositary Receipt on CRWD Issued by KKPS,KKPS,CRWD,"CROWDSTRIKE HOLDINGS, INC. (CRWD)",The Nasdaq Stock Market,CRWD,6.75,252.13,252.87,Postmarket,1790380786,USD,33.52,USDTHB=X,"1,250 : 1",1250.0,6.76111808,-0.1644414410227224,251.7153937947494,-2.877698,Day & Night Session,ok,same_as_set_underlying,SET official DR market data,https://www.set.or.th/en/market/product/dr/quote/CRWD06/factsheet
CRWD80,Depositary Receipt on CRWD Issued by KTB,KTB,CRWD,"CROWDSTRIKE HOLDINGS, INC. (CRWD)",The Nasdaq Stock Market,CRWD,33.75,252.13,252.87,Postmarket,1790380786,USD,33.52,USDTHB=X,250 : 1,250.0,33.8055904,-0.1644414410227224,251.7153937947494,-2.877698,Day & Night Session,ok,same_as_set_underlying,SET official DR market data,https://www.set.or.th/en/market/product/dr/quote/CRWD80/factsheet
ADBE06,Depositary Receipt on ADBE Issued by KKPS,KKPS,ADBE,"ADOBE, INC. (ADBE)",The Nasdaq Stock Market,ADBE,1.97,235.47,235.69,Postmarket,1790380693,USD,33.52,USDTHB=X,"4,000 : 1",4000.0,1.9732386000000002,-0.16412612240609414,235.08353221957037,-0.505051,Day & Night Session,ok,same_as_set_underlying,SET official DR market data,https://www.set.or.th/en/market/product/dr/quote/ADBE06/factsheet
COHR80,Depositary Receipt on COHR Issued by KTB,KTB,COHR,COHERENT CORP. (COHR),The New York Stock Exchange,COHR,9.9,295.83,297.01,Postmarket,1790380787,USD,33.52,USDTHB=X,"1,000 : 1",1000.0,9.9162216,-0.16358650153602827,295.34606205250594,-0.502513,Day & Night Session,ok,same_as_set_underlying,SET official DR market data,https://www.set.or.th/en/market/product/dr/quote/COHR80/factsheet
BOEING80,Depositary Receipt on BOEING Issued by KTB,KTB,BOEING,THE BOEING COMPANY (BA),The New York Stock Exchange,BA,6.65,198.07,198.4341,Postmarket,1790380620,USD,33.52,USDTHB=X,"1,000 : 1",1000.0,6.639306400000001,0.16106501727348732,198.3890214797136,0.757576,Day & Night Session,ok,same_as_set_underlying,SET official DR market data,https://www.set.or.th/en/market/product/dr/quote/BOEING80/factsheet
GOLDM23,Depositary Receipt on GOLDM ETF Issued by INVX,INVX,GOLDM ETF,SPDR GOLD MINISHARES TRUST (GLDM),The New York Stock Exchange Archipelago,GLDM,9.5,84.89,84.848,Postmarket,1790374326,USD,33.52,USDTHB=X,300 : 1,300.0,9.485042666666669,0.15769389615816198,85.02386634844868,0.0,Day & Night Session,ok,same_as_set_underlying,SET official DR market data,https://www.set.or.th/en/market/product/dr/quote/GOLDM23/factsheet
KUAISH01,Depositary Receipt on KUAISH Issued by BLS,BLS,KUAISH,KUAISHOU TECHNOLOGY (1024),The Stock Exchange of Hong Kong Limited,1024.HK,1.61,30.08,,,,HKD,4.2752,HKDTHB=X,80 : 1,80.0,1.6074752,0.15706618677537865,30.12724550898204,0.0,Day Session Only,ok,exchange_rule_hk,SET official DR market data,https://www.set.or.th/en/market/product/dr/quote/KUAISH01/factsheet
TRVUS06,Depositary Receipt on TRVUS Issued by KKPS,KKPS,TRVUS,"THE TRAVELERS COMPANIES, INC. (TRV)",The New York Stock Exchange,TRV,4.86,363.04,363.04,Postmarket,1790374317,USD,33.52,USDTHB=X,"2,500 : 1",2500.0,4.8676403200000005,-0.15696147409676175,362.4701670644391,0.0,Day & Night Session,ok,same_as_set_underlying,SET official DR market data,https://www.set.or.th/en/market/product/dr/quote/TRVUS06/factsheet
MS06,Depositary Receipt on MS Issued by KKPS,KKPS,MS,MORGAN STANLEY (MS),The New York Stock Exchange,MS,4.38,196.31,196.31,Postmarket,1790373293,USD,33.52,USDTHB=X,"1,500 : 1",1500.0,4.386874133333334,-0.15669775617909165,196.00238663484484,-0.454545,Day & Night Session,ok,built_in_alias,SET official DR market data,https://www.set.or.th/en/market/product/dr/quote/MS06/factsheet
SEAGATE80,Depositary Receipt on SEAGATE Issued by KTB,KTB,SEAGATE,SEAGATE TECHNOLOGY HOLDINGS PLC (STX),The Nasdaq Stock Market,STX,3.42,916.83,915.2328,Postmarket,1790380792,USD,33.52,USDTHB=X,"9,000 : 1",9000.0,3.4146824000000002,0.1557275136334635,918.2577565632457,-0.581395,Day & Night Session,ok,same_as_set_underlying,SET official DR market data,https://www.set.or.th/en/market/product/dr/quote/SEAGATE80/factsheet
NEM23,Depositary Receipt on NEM Issued by INVX,INVX,NEM,NEWMONT CORPORATION (NEM),The New York Stock Exchange,NEM,2.54,121.43,121.4003,Postmarket,1790376880,USD,33.52,USDTHB=X,"1,600 : 1",1600.0,2.5439585000000005,-0.15560395344501599,121.24105011933173,0.0,Day & Night Session,ok,same_as_set_underlying,SET official DR market data,https://www.set.or.th/en/market/product/dr/quote/NEM23/factsheet
SNDK80,Depositary Receipt on SNDK Issued by KTB,KTB,SNDK,SANDISK CORPORATION (SNDK),The Nasdaq Stock Market,SNDK,5.95,1777.8,1772.1001,Postmarket,1790380796,USD,33.52,USDTHB=X,"10,000 : 1",10000.0,5.9591856000000005,-0.15414186797605423,1775.0596658711215,0.0,Day & Night Session,ok,same_as_set_underlying,SET official DR market data,https://www.set.or.th/en/market/product/dr/quote/SNDK80/factsheet
COIN80,Depositary Receipt on COIN Issued by KTB,KTB,COIN,"COINBASE GLOBAL, INC. (COIN)",The Nasdaq Stock Market,COIN,6.55,195.11,195.0301,Postmarket,1790380773,USD,33.52,USDTHB=X,"1,000 : 1",1000.0,6.540087200000001,0.15156984451214495,195.40572792362767,-1.503759,Day & Night Session,ok,same_as_set_underlying,SET official DR market data,https://www.set.or.th/en/market/product/dr/quote/COIN80/factsheet
SEMB19,Depositary Receipt on SEMB Issued by YUANTA,YUANTA,SEMB,SEMBCORP INDUSTRIES LTD. (U96),Singapore Exchange,U96.SI,5.1,5.84,,,,SGD,26.2379,SGDTHB=X,30 : 1,30.0,5.107644533333333,-0.1496684681841831,5.831259361458043,0.0,Day Session Only,ok,manual_underlying,SET official DR market data,https://www.set.or.th/en/market/product/dr/quote/SEMB19/factsheet
QCOM06,Depositary Receipt on QCOM Issued by KKPS,KKPS,QCOM,QUALCOMM INCORPORATED (QCOM),The Nasdaq Stock Market,QCOM,3.38,201.97,202.7,Postmarket,1790380797,USD,33.52,USDTHB=X,"2,000 : 1",2000.0,3.3850172,-0.14821785839079782,201.6706443914081,3.04878,Day & Night Session,ok,same_as_set_underlying,SET official DR market data,https://www.set.or.th/en/market/product/dr/quote/QCOM06/factsheet
MITSU19,Depositary Receipt on MITSU Issued by YUANTA,YUANTA,MITSU,"MITSUBISHI HEAVY INDUSTRIES, LTD. (7011)",Tokyo Stock Exchange,7011.T,8.25,3921.0,,,,JPY,0.2101,JPYTHB=X,100 : 1,100.0,8.238021,0.14541113697088548,3926.7015706806283,0.0,Day Session Only,ok,manual_underlying,SET official DR market data,https://www.set.or.th/en/market/product/dr/quote/MITSU19/factsheet
MA80,Depositary Receipt on MA Issued by KTB,KTB,MA,MASTERCARD INC. (MA),The New York Stock Exchange,MA,1.9,567.65,567.65,Postmarket,1790371343,USD,33.52,USDTHB=X,"10,000 : 1",10000.0,1.9027628,-0.145199391116968,566.8257756563245,0.529101,Day & Night Session,ok,same_as_set_underlying,SET official DR market data,https://www.set.or.th/en/market/product/dr/quote/MA80/factsheet
META01,Depositary Receipt on META Issued by BLS,BLS,META,"META PLATFORMS, INC. (META)",The Nasdaq Stock Market,META,7.4,751.66,747.82,Postmarket,1790380799,USD,33.52,USDTHB=X,"3,400 : 1",3400.0,7.410483294117648,-0.14146572769374588,750.5966587112171,-3.896104,Day & Night Session,ok,same_as_set_underlying,SET official DR market data,https://www.set.or.th/en/market/product/dr/quote/META01/factsheet
NIKE80,Depositary Receipt on NIKE Issued by KTB,KTB,NIKE,"NIKE, INC. (NKE)",The New York Stock Exchange,NKE,0.6,35.75,35.7938,Postmarket,1790380788,USD,33.52,USDTHB=X,"2,000 : 1",2000.0,0.5991700000000001,0.1385249595273308,35.79952267303102,-1.639344,Day & Night Session,ok,same_as_set_underlying,SET official DR market data,https://www.set.or.th/en/market/product/dr/quote/NIKE80/factsheet
SOFI23,Depositary Receipt on SOFI Issued by INVX,INVX,SOFI,"SOFI TECHNOLOGIES, INC. (SOFI)",The Nasdaq Stock Market,SOFI,5.55,16.58,16.5807,Postmarket,1790380799,USD,33.52,USDTHB=X,100 : 1,100.0,5.557616,-0.13703717565229923,16.557279236276848,-0.892857,Day & Night Session,ok,same_as_set_underlying,SET official DR market data,https://www.set.or.th/en/market/product/dr/quote/SOFI23/factsheet
CRWV03,Depositary Receipt on CRWV Issued by PI,PI,CRWV,"COREWEAVE, INC. (CRWV)",The Nasdaq Stock Market,CRWV,2.94,87.59,87.51,Postmarket,1790380798,USD,33.52,USDTHB=X,"1,000 : 1",1000.0,2.9360168000000004,0.1356667986368354,87.708830548926,-3.921569,Day & Night Session,ok,same_as_set_underlying,SET official DR market data,https://www.set.or.th/en/market/product/dr/quote/CRWV03/factsheet
NDAQ06,Depositary Receipt on NDAQ Issued by KKPS,KKPS,NDAQ,"NASDAQ, INC. (NDAQ)",The Nasdaq Stock Market,NDAQ,3.14,93.55,93.55,Postmarket,1790379065,USD,33.52,USDTHB=X,"1,000 : 1",1000.0,3.1357960000000005,0.13406484350384495,93.67541766109784,-1.257862,Day & Night Session,ok,same_as_set_underlying,SET official DR market data,https://www.set.or.th/en/market/product/dr/quote/NDAQ06/factsheet
JEPI19,Depositary Receipt on JEPI ETF Issued by YUANTA,YUANTA,JEPI ETF,JPMORGAN EQUITY PREMIUM INCOME ETF (JEPI),The New York Stock Exchange Archipelago,JEPI,6.35,56.76,56.72,Postmarket,1790380715,USD,33.52,USDTHB=X,300 : 1,300.0,6.341984000000001,0.1263957777250635,56.83174224343675,0.0,Day & Night Session,ok,same_as_set_underlying,SET official DR market data,https://www.set.or.th/en/market/product/dr/quote/JEPI19/factsheet
GOLDM01,Depositary Receipt on GOLDM ETF Issued by BLS,BLS,GOLDM ETF,SPDR GOLD MINISHARES TRUST (GLDM),The New York Stock Exchange Archipelago,GLDM,4.06,84.89,84.848,Postmarket,1790374326,USD,33.52,USDTHB=X,700 : 1,700.0,4.065018285714286,-0.12345050776086941,84.78520286396179,0.49505,Day & Night Session,ok,same_as_set_underlying,SET official DR market data,https://www.set.or.th/en/market/product/dr/quote/GOLDM01/factsheet
IBM06,Depositary Receipt on IBM Issued by KKPS,KKPS,IBM,INTERNATIONAL BUSINESS MACHINES CORPORATION (IBM),The New York Stock Exchange,IBM,3.02,225.51,225.6001,Postmarket,1790380727,USD,33.52,USDTHB=X,"2,500 : 1",2500.0,3.0236380800000004,-0.12032127866310471,225.23866348448686,-1.30719,Day & Night Session,ok,same_as_set_underlying,SET official DR market data,https://www.set.or.th/en/market/product/dr/quote/IBM06/factsheet
CNTECH01,Depositary Receipt on CAM HSTECH ETF Issued by BLS,BLS,CAM HSTECH ETF,CHINAAMC HANG SENG TECH INDEX ETF (3088),The Stock Exchange of Hong Kong Limited,3088.HK,23.4,5.48,,,,HKD,4.2752,HKDTHB=X,1 : 1,1.0,23.428096,-0.11992438480703527,5.4734281437125745,0.0,Day Session Only,ok,exchange_rule_hk,SET official DR market data,https://www.set.or.th/en/market/product/dr/quote/CNTECH01/factsheet
SP500US80,Depositary Receipt on SP500US ETF Issued by KTB,KTB,SP500US ETF,STATE STREET SPDR PORTFOLIO S&P 500 ETF  (SPYM),The New York Stock Exchange Archipelago,SPYM,3.04,90.8,90.8782,Postmarket,1790380707,USD,33.52,USDTHB=X,"1,000 : 1",1000.0,3.043616,-0.1188060517489764,90.69212410501193,0.0,Day & Night Session,ok,same_as_set_underlying,SET official DR market data,https://www.set.or.th/en/market/product/dr/quote/SP500US80/factsheet
SP500US19,Depositary Receipt on SP500US ETF Issued by YUANTA,YUANTA,SP500US ETF,STATE STREET SPDR PORTFOLIO S&P 500 ETF  (SPYM),The New York Stock Exchange Archipelago,SPYM,15.2,90.8,90.8782,Postmarket,1790380707,USD,33.52,USDTHB=X,200 : 1,200.0,15.21808,-0.1188060517489764,90.69212410501193,0.0,Day & Night Session,ok,same_as_set_underlying,SET official DR market data,https://www.set.or.th/en/market/product/dr/quote/SP500US19/factsheet
KO80,Depositary Receipt on KO Issued by KTB,KTB,KO,THE COCA-COLA COMPANY (KO),The New York Stock Exchange,KO,2.94,87.81,87.66,Postmarket,1790380782,USD,33.52,USDTHB=X,"1,000 : 1",1000.0,2.9433912000000007,-0.11521404290399939,87.708830548926,0.0,Day & Night Session,ok,same_as_set_underlying,SET official DR market data,https://www.set.or.th/en/market/product/dr/quote/KO80/factsheet
LITE80,Depositary Receipt on LITE Issued by KTB,KTB,LITE,LUMENTUM HOLDINGS INC. (LITE),The Nasdaq Stock Market,LITE,3.16,941.65,942.01,Postmarket,1790380799,USD,33.52,USDTHB=X,"10,000 : 1",10000.0,3.1564108,0.11371143451923693,942.7207637231503,-0.628931,Day & Night Session,ok,same_as_set_underlying,SET official DR market data,https://www.set.or.th/en/market/product/dr/quote/LITE80/factsheet
VT03,Depositary Receipt on VT ETF Issued by PI,PI,VT ETF,VANGUARD TOTAL WORLD STOCK ETF (VT),The New York Stock Exchange Archipelago,VT,3.58,160.03,160.2503,Postmarket,1790378665,USD,33.52,USDTHB=X,"1,500 : 1",1500.0,3.576137066666667,0.10801972243568159,160.20286396181382,0.561798,Day & Night Session,ok,same_as_set_underlying,SET official DR market data,https://www.set.or.th/en/market/product/dr/quote/VT03/factsheet
AMZN03,Depositary Receipt on AMZN Issued by PI,PI,AMZN,"AMAZON.COM, INC. (AMZN)",The Nasdaq Stock Market,AMZN,4.18,249.67,249.9799,Postmarket,1790380799,USD,33.52,USDTHB=X,"2,000 : 1",2000.0,4.1844692000000006,-0.10680446638251517,249.4033412887828,0.0,Day & Night Session,ok,same_as_set_underlying,SET official DR market data,https://www.set.or.th/en/market/product/dr/quote/AMZN03/factsheet
HPE80,Depositary Receipt on HPE Issued by KTB,KTB,HPE,HEWLETT PACKARD ENTERPRISE COMPANY (HPE),The New York Stock Exchange,HPE,3.52,62.94,62.9,Postmarket,1790380763,USD,33.52,USDTHB=X,600 : 1,600.0,3.5162480000000005,0.10670464654369827,63.0071599045346,-2.762431,Day & Night Session,ok,same_as_set_underlying,SET official DR market data,https://www.set.or.th/en/market/product/dr/quote/HPE80/factsheet
IVV23,Depositary Receipt on IVV ETF Issued by INVX,INVX,IVV ETF,ISHARES CORE S&P 500 ETF (IVV),The New York Stock Exchange Archipelago,IVV,10.4,774.83,775.02,Postmarket,1790376470,USD,33.52,USDTHB=X,"2,500 : 1",2500.0,10.38892064,0.10664592005200646,775.6563245823388,0.0,Day & Night Session,ok,same_as_set_underlying,SET official DR market data,https://www.set.or.th/en/market/product/dr/quote/IVV23/factsheet
FWONK06,Depositary Receipt on FWONK Issued by KKPS,KKPS,FWONK,LIBERTY MEDIA CORPORATION (FWONK),The Nasdaq Stock Market,FWONK,3.96,94.61,94.61,Postmarket,1790379006,USD,33.52,USDTHB=X,800 : 1,800.0,3.9641590000000004,-0.1049150652130848,94.5107398568019,0.0,Day & Night Session,ok,same_as_set_underlying,SET official DR market data,https://www.set.or.th/en/market/product/dr/quote/FWONK06/factsheet
JTEK19,Depositary Receipt on JTEK ETF Issued by YUANTA,YUANTA,JTEK ETF,JPMORGAN US TECH LEADERS ETF  (JTEK),The Nasdaq Stock Market,JTEK,11.8,105.499,106.7802,Postmarket,1790379493,USD,33.52,USDTHB=X,300 : 1,300.0,11.787754933333334,0.10387954903983143,105.60859188544151,0.0,Day & Night Session,ok,same_as_set_underlying,SET official DR market data,https://www.set.or.th/en/market/product/dr/quote/JTEK19/factsheet
GEELY06,Depositary Receipt on GEELY Issued by KKPS,KKPS,GEELY,GEELY AUTOMOBILE HOLDINGS LIMITED (175),The Stock Exchange of Hong Kong Limited,0175.HK,2.72,15.89,,,,HKD,4.2752,HKDTHB=X,25 : 1,25.0,2.71731712,0.09873267938635966,15.905688622754491,0.0,Day Session Only,ok,manual_underlying,SET official DR market data,https://www.set.or.th/en/market/product/dr/quote/GEELY06/factsheet
GOLDUS19,Depositary Receipt on SPDR GOLD (US) ETF Issued by YUANTA,YUANTA,SPDR GOLD (US) ETF,SPDR GOLD SHARES (GLD),The New York Stock Exchange Archipelago,GLD,44.0,393.41,393.05,Postmarket,1790380632,USD,33.52,USDTHB=X,300 : 1,300.0,43.95701066666667,0.0977985824817118,393.79474940334126,0.571429,Day & Night Session,ok,same_as_set_underlying,SET official DR market data,https://www.set.or.th/en/market/product/dr/quote/GOLDUS19/factsheet
GOLDUS80,Depositary Receipt on SPDR GOLD (US) ETF Issued by KTB,KTB,SPDR GOLD (US) ETF,SPDR GOLD SHARES (GLD),The New York Stock Exchange Archipelago,GLD,13.2,393.41,393.05,Postmarket,1790380632,USD,33.52,USDTHB=X,"1,000 : 1",1000.0,13.187103200000001,0.0977985824816896,393.79474940334126,0.0,Day & Night Session,ok,same_as_set_underlying,SET official DR market data,https://www.set.or.th/en/market/product/dr/quote/GOLDUS80/factsheet
ORCL06,Depositary Receipt on ORCL Issued by KKPS,KKPS,ORCL,ORACLE CORPORATION (ORCL),The New York Stock Exchange,ORCL,1.84,137.1,137.04,Postmarket,1790380796,USD,33.52,USDTHB=X,"2,500 : 1",2500.0,1.8382368000000002,0.09591800142396689,137.23150357995226,-1.075269,Day & Night Session,ok,same_as_set_underlying,SET official DR market data,https://www.set.or.th/en/market/product/dr/quote/ORCL06/factsheet
ORCL19,Depositary Receipt on ORCL Issued by YUANTA,YUANTA,ORCL,ORACLE CORPORATION (ORCL),The New York Stock Exchange,ORCL,4.6,137.1,137.04,Postmarket,1790380796,USD,33.52,USDTHB=X,"1,000 : 1",1000.0,4.595592000000001,0.09591800142394469,137.23150357995226,-1.709402,Day & Night Session,ok,same_as_set_underlying,SET official DR market data,https://www.set.or.th/en/market/product/dr/quote/ORCL19/factsheet
ORCL23,Depositary Receipt on ORCL Issued by INVX,INVX,ORCL,ORACLE CORPORATION (ORCL),The New York Stock Exchange,ORCL,2.3,137.1,137.04,Postmarket,1790380796,USD,33.52,USDTHB=X,"2,000 : 1",2000.0,2.2977960000000004,0.09591800142394469,137.23150357995226,-1.709402,Day & Night Session,ok,same_as_set_underlying,SET official DR market data,https://www.set.or.th/en/market/product/dr/quote/ORCL23/factsheet
ORCL80,Depositary Receipt on ORCL Issued by KTB,KTB,ORCL,ORACLE CORPORATION (ORCL),The New York Stock Exchange,ORCL,4.6,137.1,137.04,Postmarket,1790380796,USD,33.52,USDTHB=X,"1,000 : 1",1000.0,4.595592000000001,0.09591800142394469,137.23150357995226,-1.287554,Day & Night Session,ok,same_as_set_underlying,SET official DR market data,https://www.set.or.th/en/market/product/dr/quote/ORCL80/factsheet
VNFIN24,Depositary Receipt on VNFIN LEAD ETF Issued by FSS,FSS,VNFIN LEAD ETF,SSIAM VNFIN LEAD ETF (FUESSVFL),Hochiminh Stock Exchange,FUESSVFL.VN,1.87,28970.0,,,,VND,0.0012922227146461723,Google Finance THB-VND inverted,20 : 1,20.0,1.8717846021649804,-0.09534228259577837,28942.379340732004,0.0,Day Session Only,ok,exchange_rule_vietnam,SET official DR market data,https://www.set.or.th/en/market/product/dr/quote/VNFIN24/factsheet
GFS03,Depositary Receipt on GFS Issued by PI,PI,GFS,GLOBALFOUNDRIES INC. (GFS),The Nasdaq Stock Market,GFS,1.37,49.0,49.36,Postmarket,1790380793,USD,33.52,USDTHB=X,"1,200 : 1",1200.0,1.3687333333333336,0.09254298378060799,49.04534606205251,3.007519,Day & Night Session,ok,same_as_set_underlying,SET official DR market data,https://www.set.or.th/en/market/product/dr/quote/GFS03/factsheet
POPMART11,Depositary Receipt on POPMART Issued by KS,KS,POPMART,POP MART INTERNATIONAL GROUP LTD. (9992),The Stock Exchange of Hong Kong Limited,9992.HK,6.5,151.9,,,,HKD,4.2752,HKDTHB=X,100 : 1,100.0,6.4940288,0.09194908405703028,152.03967065868264,0.0,Day Session Only,ok,exchange_rule_hk,SET official DR market data,https://www.set.or.th/en/market/product/dr/quote/POPMART11/factsheet
BKSY03,Depositary Receipt on BKSY Issued by PI,PI,BKSY,BLACKSKY TECHNOLOGY INC. (BKSY),The New York Stock Exchange,BKSY,1.3,23.25,23.3,Postmarket,1790380506,USD,33.52,USDTHB=X,600 : 1,600.0,1.2989,0.08468704288244755,23.269689737470166,-0.763359,Day & Night Session,ok,same_as_set_underlying,SET official DR market data,https://www.set.or.th/en/market/product/dr/quote/BKSY03/factsheet
MNSO80,Depositary Receipt on MNSO Issued by KTB,KTB,MNSO,MINISO GROUP HOLDING LTD (9896),The Stock Exchange of Hong Kong Limited,9896.HK,7.45,17.44,,,,HKD,4.2752,HKDTHB=X,10 : 1,10.0,7.4559488,-0.07978595561171087,17.42608532934132,0.0,Day Session Only,ok,exchange_rule_hk,SET official DR market data,https://www.set.or.th/en/market/product/dr/quote/MNSO80/factsheet
GRAB80,Depositary Receipt on GRAB Issued by KTB,KTB,GRAB,GRAB HOLDINGS LIMITED (GRAB),The Nasdaq Stock Market,GRAB,10.5,3.13,3.15,Postmarket,1790380762,USD,33.52,USDTHB=X,10 : 1,10.0,10.491760000000001,0.07853782396851638,3.1324582338902145,0.0,Day & Night Session,ok,same_as_set_underlying,SET official DR market data,https://www.set.or.th/en/market/product/dr/quote/GRAB80/factsheet
MICRON23,Depositary Receipt on MICRON Issued by INVX,INVX,MICRON,"MICRON TECHNOLOGY, INC. (MU)",The Nasdaq Stock Market,MU,7.25,1082.28,1085.02,Postmarket,1790380799,USD,33.52,USDTHB=X,"5,000 : 1",5000.0,7.25560512,-0.0772522747213733,1081.4439140811455,-0.684932,Day & Night Session,ok,same_as_set_underlying,SET official DR market data,https://www.set.or.th/en/market/product/dr/quote/MICRON23/factsheet
JAP03,Depositary Receipt on GLOBALX JAPAN(HK)ETF Issued by PI,PI,GLOBALX JAPAN(HK)ETF,GLOBAL X JAPAN GLOBAL LEADERS ETF (3150),The Stock Exchange of Hong Kong Limited,3150.HK,3.86,90.22,,,,HKD,4.2752,HKDTHB=X,100 : 1,100.0,3.8570854399999996,0.07556379150368553,90.28817365269461,0.0,Day Session Only,ok,exchange_rule_hk,SET official DR market data,https://www.set.or.th/en/market/product/dr/quote/JAP03/factsheet
SPACEX03,Depositary Receipt on SPACEX Issued by PI,PI,SPACEX,SPACE EXPLORATION TECHNOLOGIES CORP. (SPCX),The Nasdaq Stock Market,SPCX,1.66,148.68,148.78,Postmarket,1790380793,USD,33.52,USDTHB=X,"3,000 : 1",3000.0,1.6612512000000004,-0.07531672512864906,148.56801909307873,0.606061,Day & Night Session,ok,same_as_set_underlying,SET official DR market data,https://www.set.or.th/en/market/product/dr/quote/SPACEX03/factsheet
GLW80,Depositary Receipt on GLW Issued by KTB,KTB,GLW,CORNING INCORPORATED (GLW),The New York Stock Exchange,GLW,5.25,156.74,156.74,Postmarket,1790380585,USD,33.52,USDTHB=X,"1,000 : 1",1000.0,5.253924800000001,-0.07470224925946178,156.62291169451072,-0.943396,Day & Night Session,ok,same_as_set_underlying,SET official DR market data,https://www.set.or.th/en/market/product/dr/quote/GLW80/factsheet
CRM06,Depositary Receipt on CRM Issued by KKPS,KKPS,CRM,SALESFORCE INC. (CRM),The New York Stock Exchange,CRM,3.14,234.02,234.3,Postmarket,1790380437,USD,33.52,USDTHB=X,"2,500 : 1",2500.0,3.1377401600000003,0.07202126003957865,234.1885441527446,0.0,Day & Night Session,ok,same_as_set_underlying,SET official DR market data,https://www.set.or.th/en/market/product/dr/quote/CRM06/factsheet
INTEL01,Depositary Receipt on INTEL Issued by BLS,BLS,INTEL,INTEL CORPORATION (INTC),The Nasdaq Stock Market,INTC,4.12,123.0,122.9478,Postmarket,1790380799,USD,33.52,USDTHB=X,"1,000 : 1",1000.0,4.12296,-0.07179308069930057,122.91169451073985,-5.069124,Day & Night Session,ok,same_as_set_underlying,SET official DR market data,https://www.set.or.th/en/market/product/dr/quote/INTEL01/factsheet
INTEL19,Depositary Receipt on INTEL Issued by YUANTA,YUANTA,INTEL,INTEL CORPORATION (INTC),The Nasdaq Stock Market,INTC,4.12,123.0,122.9478,Postmarket,1790380799,USD,33.52,USDTHB=X,"1,000 : 1",1000.0,4.12296,-0.07179308069930057,122.91169451073985,-4.186047,Day & Night Session,ok,same_as_set_underlying,SET official DR market data,https://www.set.or.th/en/market/product/dr/quote/INTEL19/factsheet
INTEL80,Depositary Receipt on INTEL Issued by KTB,KTB,INTEL,INTEL CORPORATION (INTC),The Nasdaq Stock Market,INTC,4.12,123.0,122.9478,Postmarket,1790380799,USD,33.52,USDTHB=X,"1,000 : 1",1000.0,4.12296,-0.07179308069930057,122.91169451073985,-5.069124,Day & Night Session,ok,same_as_set_underlying,SET official DR market data,https://www.set.or.th/en/market/product/dr/quote/INTEL80/factsheet
ADVANT23,Depositary Receipt on ADVANT Issued by INVX,INVX,ADVANT,ADVANTEST CORPORATION (6857),Tokyo Stock Exchange,6857.T,4.86,34190.0,,,,JPY,0.2101,JPYTHB=X,"1,477 : 1",1477.0,4.863452268111036,-0.07098390033910551,34165.73060447406,0.0,Day Session Only,ok,manual_underlying,SET official DR market data,https://www.set.or.th/en/market/product/dr/quote/ADVANT23/factsheet
MIDEA80,Depositary Receipt on MIDEA Issued by KTB,KTB,MIDEA,"MIDEA GROUP CO., LTD. (0300)",The Stock Exchange of Hong Kong Limited,0300.HK,4.06,94.9,,,,HKD,4.2752,HKDTHB=X,100 : 1,100.0,4.0571648,0.06988131219121119,94.96631736526945,0.0,Day Session Only,ok,exchange_rule_hk,SET official DR market data,https://www.set.or.th/en/market/product/dr/quote/MIDEA80/factsheet
VCB11,Depositary Receipt on VCB Issued by KS,KS,VCB,JOINT STOCK COMMERCIAL BANK FOR FOREIGN TRADE OF VIETNAM (VCB),Hochiminh Stock Exchange,VCB.VN,3.0,58000.0,,,,VND,0.0012922227146461723,Google Finance THB-VND inverted,25 : 1,25.0,2.9979566979791197,0.06815648879310299,58039.5307635,0.0,Day Session Only,ok,exchange_rule_vietnam,SET official DR market data,https://www.set.or.th/en/market/product/dr/quote/VCB11/factsheet
HKEX23,Depositary Receipt on HKEX Issued by INVX,INVX,HKEX,HONG KONG EXCHANGES AND CLEARING LIMITED (388),The Stock Exchange of Hong Kong Limited,0388.HK,2.14,389.2,,,,HKD,4.2752,HKDTHB=X,777 : 1,777.0,2.1414515315315312,-0.0677826002670745,388.9361901197605,0.0,Day Session Only,ok,manual_underlying,SET official DR market data,https://www.set.or.th/en/market/product/dr/quote/HKEX23/factsheet
NBIS03,Depositary Receipt on NBIS Issued by PI,PI,NBIS,NEBIUS GROUP N.V. (NBIS),The Nasdaq Stock Market,NBIS,7.95,237.33,238.22,Postmarket,1790380794,USD,33.52,USDTHB=X,"1,000 : 1",1000.0,7.955301600000001,-0.06664235080667824,237.17183770883054,-4.790419,Day & Night Session,ok,same_as_set_underlying,SET official DR market data,https://www.set.or.th/en/market/product/dr/quote/NBIS03/factsheet
FABRINET03,Depositary Receipt on FABRINET Issued by PI,PI,FABRINET,FABRINET (FN),The New York Stock Exchange,FN,1.4,417.39,417.88,Postmarket,1790378884,USD,33.52,USDTHB=X,"10,000 : 1",10000.0,1.39909128,0.06495073001955287,417.6610978520286,2.941176,Day & Night Session,ok,same_as_set_underlying,SET official DR market data,https://www.set.or.th/en/market/product/dr/quote/FABRINET03/factsheet
DEAM19,Depositary Receipt on DEAM ETF Issued by YUANTA,YUANTA,DEAM ETF,INVESCO MDAX UCITS ETF ACC (DEAM),Deutsche Borse,DEAM.DE,3.9,51.14,,,,EUR,38.155,EURTHB=X,500 : 1,500.0,3.9024934000000004,-0.06389248473810394,51.10732538330494,0.0,Day & Night Session,ok,manual_underlying,SET official DR market data,https://www.set.or.th/en/market/product/dr/quote/DEAM19/factsheet
GOOG23,Depositary Receipt on GOOG Issued by INVX,INVX,GOOG,ALPHABET INC. (GOOG),The Nasdaq Global Select Market,GOOG,2.86,341.08,341.12,Postmarket,1790380789,USD,33.52,USDTHB=X,"4,000 : 1",4000.0,2.8582504,0.06121227167499299,341.28878281622906,0.704225,Day & Night Session,ok,same_as_set_underlying,SET official DR market data,https://www.set.or.th/en/market/product/dr/quote/GOOG23/factsheet
MICRON03,Depositary Receipt on MICRON Issued by PI,PI,MICRON,"MICRON TECHNOLOGY, INC. (MU)",The Nasdaq Stock Market,MU,12.1,1082.28,1085.02,Postmarket,1790380799,USD,33.52,USDTHB=X,"3,000 : 1",3000.0,12.0926752,0.06057220489970039,1082.9355608591884,-1.626016,Day & Night Session,ok,same_as_set_underlying,SET official DR market data,https://www.set.or.th/en/market/product/dr/quote/MICRON03/factsheet
AMZN01,Depositary Receipt on AMZN Issued by BLS,BLS,AMZN,"AMAZON.COM, INC. (AMZN)",The Nasdaq Stock Market,AMZN,24.6,249.67,249.9799,Postmarket,1790380799,USD,33.52,USDTHB=X,340 : 1,340.0,24.614524705882356,-0.05900867904584661,249.52267303102622,-0.404858,Day & Night Session,ok,same_as_set_underlying,SET official DR market data,https://www.set.or.th/en/market/product/dr/quote/AMZN01/factsheet
FSLR03,Depositary Receipt on FSLR Issued by PI,PI,FSLR,FIRST SOLAR INC. (FSLR),The Nasdaq Stock Market,FSLR,1.49,177.71,178.0,Postmarket,1790380508,USD,33.52,USDTHB=X,"4,000 : 1",4000.0,1.4892098000000003,0.05306169755261436,177.80429594272076,2.054795,Day & Night Session,ok,same_as_set_underlying,SET official DR market data,https://www.set.or.th/en/market/product/dr/quote/FSLR03/factsheet
INTEL03,Depositary Receipt on INTEL Issued by PI,PI,INTEL,INTEL CORPORATION (INTC),The Nasdaq Stock Market,INTC,8.25,123.0,122.9478,Postmarket,1790380799,USD,33.52,USDTHB=X,500 : 1,500.0,8.24592,0.04947901507654784,123.06085918854414,-4.069767,Day & Night Session,ok,same_as_set_underlying,SET official DR market data,https://www.set.or.th/en/market/product/dr/quote/INTEL03/factsheet
RKLB01,Depositary Receipt on RKLB Issued by BLS,BLS,RKLB,ROCKET LAB CORPORATION (RKLB),The Nasdaq Stock Market,RKLB,2.48,73.95,73.84,Postmarket,1790380790,USD,33.52,USDTHB=X,"1,000 : 1",1000.0,2.4788040000000007,0.04824907495708519,73.98568019093078,-0.8,Day & Night Session,ok,same_as_set_underlying,SET official DR market data,https://www.set.or.th/en/market/product/dr/quote/RKLB01/factsheet
RKLB03,Depositary Receipt on RKLB Issued by PI,PI,RKLB,ROCKET LAB CORPORATION (RKLB),The Nasdaq Stock Market,RKLB,4.96,73.95,73.84,Postmarket,1790380790,USD,33.52,USDTHB=X,500 : 1,500.0,4.957608000000001,0.04824907495708519,73.98568019093078,-1.782178,Day & Night Session,ok,same_as_set_underlying,SET official DR market data,https://www.set.or.th/en/market/product/dr/quote/RKLB03/factsheet
RKLB23,Depositary Receipt on RKLB Issued by INVX,INVX,RKLB,ROCKET LAB CORPORATION (RKLB),The Nasdaq Stock Market,RKLB,1.24,73.95,73.84,Postmarket,1790380790,USD,33.52,USDTHB=X,"2,000 : 1",2000.0,1.2394020000000003,0.04824907495708519,73.98568019093078,-1.587302,Day & Night Session,ok,same_as_set_underlying,SET official DR market data,https://www.set.or.th/en/market/product/dr/quote/RKLB23/factsheet
RKLB80,Depositary Receipt on RKLB Issued by KTB,KTB,RKLB,ROCKET LAB CORPORATION (RKLB),The Nasdaq Stock Market,RKLB,2.48,73.95,73.84,Postmarket,1790380790,USD,33.52,USDTHB=X,"1,000 : 1",1000.0,2.4788040000000007,0.04824907495708519,73.98568019093078,-2.362205,Day & Night Session,ok,same_as_set_underlying,SET official DR market data,https://www.set.or.th/en/market/product/dr/quote/RKLB80/factsheet
SMFG19,Depositary Receipt on SMFG Issued by YUANTA,YUANTA,SMFG,SUMITOMO MITSUI FINANCIAL GROUP (8316),Tokyo Stock Exchange,8316.T,14.7,7000.0,,,,JPY,0.2101,JPYTHB=X,100 : 1,100.0,14.707,-0.04759638267493038,6996.668253212755,0.0,Day Session Only,ok,exchange_rule_tokyo,SET official DR market data,https://www.set.or.th/en/market/product/dr/quote/SMFG19/factsheet
MEITUAN23,Depositary Receipt on MEITUAN Issued by INVX,INVX,MEITUAN,MEITUAN (3690),The Stock Exchange of Hong Kong Limited,3690.HK,1.91,71.45,,,,HKD,4.2752,HKDTHB=X,160 : 1,160.0,1.909144,0.04483684834668544,71.4820359281437,0.0,Day Session Only,ok,manual_underlying,SET official DR market data,https://www.set.or.th/en/market/product/dr/quote/MEITUAN23/factsheet
VISA80,Depositary Receipt on VISA Issued by KTB,KTB,VISA,VISA INC. (V),The New York Stock Exchange,V,1.54,367.38,367.54,Postmarket,1790374974,USD,33.52,USDTHB=X,"8,000 : 1",8000.0,1.5393222,0.04403236697294588,367.54176610978516,0.0,Day & Night Session,ok,same_as_set_underlying,SET official DR market data,https://www.set.or.th/en/market/product/dr/quote/VISA80/factsheet
XIAOMI01,Depositary Receipt on XIAOMI Issued by BLS,BLS,XIAOMI,XIAOMI CORPORATION (1810),The Stock Exchange of Hong Kong Limited,1810.HK,2.5,25.74,,,,HKD,4.2752,HKDTHB=X,44 : 1,44.0,2.5009919999999997,-0.03966426122112843,25.729790419161677,0.0,Day Session Only,ok,manual_underlying,SET official DR market data,https://www.set.or.th/en/market/product/dr/quote/XIAOMI01/factsheet
XIAOMI11,Depositary Receipt on XIAOMI Issued by KS,KS,XIAOMI,XIAOMI CORPORATION (1810),The Stock Exchange of Hong Kong Limited,1810.HK,4.4,25.74,,,,HKD,4.2752,HKDTHB=X,25 : 1,25.0,4.40174592,-0.03966426122112843,25.72979041916168,0.0,Day Session Only,ok,manual_underlying,SET official DR market data,https://www.set.or.th/en/market/product/dr/quote/XIAOMI11/factsheet
SEAGATE23,Depositary Receipt on SEAGATE Issued by INVX,INVX,SEAGATE,SEAGATE TECHNOLOGY HOLDINGS PLC (STX),The Nasdaq Stock Market,STX,6.4,916.83,915.2328,Postmarket,1790380792,USD,33.52,USDTHB=X,"4,800 : 1",4800.0,6.402529500000001,-0.039507822650419744,916.4677804295942,0.0,Day & Night Session,ok,same_as_set_underlying,SET official DR market data,https://www.set.or.th/en/market/product/dr/quote/SEAGATE23/factsheet
COHR23,Depositary Receipt on COHR Issued by INVX,INVX,COHR,COHERENT CORP. (COHR),The New York Stock Exchange,COHR,4.96,295.83,297.01,Postmarket,1790380787,USD,33.52,USDTHB=X,"2,000 : 1",2000.0,4.9581108,0.03810322270330069,295.9427207637231,-1.782178,Day & Night Session,ok,same_as_set_underlying,SET official DR market data,https://www.set.or.th/en/market/product/dr/quote/COHR23/factsheet
PLTR06,Depositary Receipt on PLTR Issued by KKPS,KKPS,PLTR,PALANTIR TECHNOLOGIES INC. (PLTR),The Nasdaq Stock Market,PLTR,4.24,189.67,189.6531,Postmarket,1790380799,USD,33.52,USDTHB=X,"1,500 : 1",1500.0,4.2384922666666665,0.03557239788287703,189.73747016706443,-0.934579,Day & Night Session,ok,same_as_set_underlying,SET official DR market data,https://www.set.or.th/en/market/product/dr/quote/PLTR06/factsheet
BAC03,Depositary Receipt on BAC Issued by PI,PI,BAC,BANK OF AMERICA CORP. (BAC),The New York Stock Exchange,BAC,3.8,56.7,56.7466,Postmarket,1790380779,USD,33.52,USDTHB=X,500 : 1,500.0,3.8011680000000005,-0.03072739747363995,56.68257756563245,0.529101,Day & Night Session,ok,same_as_set_underlying,SET official DR market data,https://www.set.or.th/en/market/product/dr/quote/BAC03/factsheet
SGX19,Depositary Receipt on SGX Issued by YUANTA,YUANTA,SGX,SINGAPORE EXCHANGE LIMITED (S68),Singapore Exchange,S68.SI,5.9,22.48,,,,SGD,26.2379,SGDTHB=X,100 : 1,100.0,5.89827992,0.029162400281612655,22.486555707583307,0.0,Day Session Only,ok,manual_underlying,SET official DR market data,https://www.set.or.th/en/market/product/dr/quote/SGX19/factsheet
SCHDER80,Depositary Receipt on SCHDER Issued by KTB,KTB,SCHDER,SCHNEIDER ELECTRIC SE (SU),Euronext Paris,SU.PA,11.1,291.0,,,,EUR,38.155,EURTHB=X,"1,000 : 1",1000.0,11.103105,-0.027965150289033236,290.91862141265887,-0.892857,Day & Night Session,ok,manual_underlying,SET official DR market data,https://www.set.or.th/en/market/product/dr/quote/SCHDER80/factsheet
DASH03,Depositary Receipt on DASH Issued by PI,PI,DASH,"DOORDASH, INC. (DASH)",The Nasdaq Stock Market,DASH,3.24,193.36,193.52,Postmarket,1790379006,USD,33.52,USDTHB=X,"2,000 : 1",2000.0,3.2407136000000003,-0.022019841555886988,193.31742243436753,3.184713,Day & Night Session,ok,same_as_set_underlying,SET official DR market data,https://www.set.or.th/en/market/product/dr/quote/DASH03/factsheet
VNM19,Depositary Receipt on VNM Issued by YUANTA,YUANTA,VNM,VIETNAM DAIRY PRODUCTS JOINT STOCK COMPANY (VNM),Hochiminh Stock Exchange,VNM.VN,7.7,59600.0,,,,VND,0.0012922227146461723,Google Finance THB-VND inverted,10 : 1,10.0,7.701647379291186,-0.021389959966433558,59587.25158386,0.0,Day Session Only,ok,exchange_rule_vietnam,SET official DR market data,https://www.set.or.th/en/market/product/dr/quote/VNM19/factsheet
SPENGY80,Depositary Receipt on SPENGY ETF Issued by KTB,KTB,SPENGY ETF,STATE STREET ENERGY SELECT SECTOR SPDR ETF (XLE),The New York Stock Exchange Archipelago,XLE,4.16,62.04,62.0,Postmarket,1790380469,USD,33.52,USDTHB=X,500 : 1,500.0,4.1591616,0.020157908747764353,62.052505966587105,0.483092,Day & Night Session,ok,same_as_set_underlying,SET official DR market data,https://www.set.or.th/en/market/product/dr/quote/SPENGY80/factsheet
VICR80,Depositary Receipt on VICR Issued by KTB,KTB,VICR,VICOR CORPORATION (VICR),The Nasdaq Stock Market,VICR,9.45,281.96,283.5,Postmarket,1790380591,USD,33.52,USDTHB=X,"1,000 : 1",1000.0,9.4512992,-0.013746258292191005,281.9212410501193,0.531915,Day & Night Session,ok,same_as_set_underlying,SET official DR market data,https://www.set.or.th/en/market/product/dr/quote/VICR80/factsheet
SNDK03,Depositary Receipt on SNDK Issued by PI,PI,SNDK,SANDISK CORPORATION (SNDK),The Nasdaq Stock Market,SNDK,14.9,1777.8,1772.1001,Postmarket,1790380796,USD,33.52,USDTHB=X,"4,000 : 1",4000.0,14.897964000000002,0.013666296951697632,1778.0429594272075,-1.324503,Day & Night Session,ok,same_as_set_underlying,SET official DR market data,https://www.set.or.th/en/market/product/dr/quote/SNDK03/factsheet
SNDK23,Depositary Receipt on SNDK Issued by INVX,INVX,SNDK,SANDISK CORPORATION (SNDK),The Nasdaq Stock Market,SNDK,7.45,1777.8,1772.1001,Postmarket,1790380796,USD,33.52,USDTHB=X,"8,000 : 1",8000.0,7.448982000000001,0.013666296951697632,1778.0429594272075,-0.666667,Day & Night Session,ok,same_as_set_underlying,SET official DR market data,https://www.set.or.th/en/market/product/dr/quote/SNDK23/factsheet
IBM23,Depositary Receipt on IBM Issued by INVX,INVX,IBM,INTERNATIONAL BUSINESS MACHINES CORPORATION (IBM),The New York Stock Exchange,IBM,2.52,225.51,225.6001,Postmarket,1790380727,USD,33.52,USDTHB=X,"3,000 : 1",3000.0,2.5196984000000002,0.011969686530721724,225.53699284009545,-1.5625,Day & Night Session,ok,same_as_set_underlying,SET official DR market data,https://www.set.or.th/en/market/product/dr/quote/IBM23/factsheet
MSFT03,Depositary Receipt on MSFT Issued by PI,PI,MSFT,MICROSOFT CORPORATION (MSFT),The Nasdaq Global Select Market,MSFT,3.46,516.17,517.89,Postmarket,1790380795,USD,33.52,USDTHB=X,"5,000 : 1",5000.0,3.46040368,-0.011665690980888765,516.1097852028639,3.592814,Day & Night Session,ok,same_as_set_underlying,SET official DR market data,https://www.set.or.th/en/market/product/dr/quote/MSFT03/factsheet
MSFT80,Depositary Receipt on MSFT Issued by KTB,KTB,MSFT,MICROSOFT CORPORATION (MSFT),The Nasdaq Global Select Market,MSFT,8.65,516.17,517.89,Postmarket,1790380795,USD,33.52,USDTHB=X,"2,000 : 1",2000.0,8.6510092,-0.011665690980888765,516.1097852028639,4.216867,Day & Night Session,ok,same_as_set_underlying,SET official DR market data,https://www.set.or.th/en/market/product/dr/quote/MSFT80/factsheet
NET03,Depositary Receipt on NET Issued by PI,PI,NET,"CLOUDFLARE, INC., CLASS A (NET)",The New York Stock Exchange,NET,5.85,349.02,349.1,Postmarket,1790374580,USD,33.52,USDTHB=X,"2,000 : 1",2000.0,5.8495752,0.007262065799218398,349.0453460620525,-3.305785,Day & Night Session,ok,same_as_set_underlying,SET official DR market data,https://www.set.or.th/en/market/product/dr/quote/NET03/factsheet
SMCI03,Depositary Receipt on SMCI Issued by PI,PI,SMCI,"SUPER MICRO COMPUTER, INC. (SMCI)",The Nasdaq Stock Market,SMCI,2.9,43.26,43.2729,Postmarket,1790380795,USD,33.52,USDTHB=X,500 : 1,500.0,2.9001504,-0.005185937943075203,43.25775656324582,2.836879,Day & Night Session,ok,same_as_set_underlying,SET official DR market data,https://www.set.or.th/en/market/product/dr/quote/SMCI03/factsheet
PLTR80,Depositary Receipt on PLTR Issued by KTB,KTB,PLTR,PALANTIR TECHNOLOGIES INC. (PLTR),The Nasdaq Stock Market,PLTR,3.74,189.67,189.6531,Postmarket,1790380799,USD,33.52,USDTHB=X,"1,700 : 1",1700.0,3.7398461176470588,0.004114670713728508,189.6778042959427,-1.058201,Day & Night Session,ok,same_as_set_underlying,SET official DR market data,https://www.set.or.th/en/market/product/dr/quote/PLTR80/factsheet
